"model","iso3","country","fitted","residual","standardized_residual","leverage","cooks_distance","cooks_flag","leverage_flag"
"baseline_2023","AFG","Afghanistan",3.57285206948325,-1.85185206948325,-2.90355982590314,0.0364179344696325,0.159315548779595,TRUE,TRUE
"baseline_2023","ALB","Albania",5.68358607361017,-0.379586073610167,-0.586376675411632,0.00733010592896112,0.0012694885205472,FALSE,FALSE
"baseline_2023","ARE","United Arab Emirates",6.77458568922853,-0.0415856892285347,-0.0646238674778735,0.0190664233130516,4.05868667255441e-05,FALSE,FALSE
"baseline_2023","ARG","Argentina",5.93835769824202,0.249642301757984,0.385857616827172,0.00843797775568739,0.000633494211990345,FALSE,FALSE
"baseline_2023","ARM","Armenia",5.56519197482748,-0.110191974827477,-0.170207163891236,0.00715387367506339,0.0001043722380542,FALSE,FALSE
"baseline_2023","AUS","Australia",6.95249835795312,0.104501642046882,0.162697298384036,0.0227105068570315,0.000307563138918448,FALSE,FALSE
"baseline_2023","AUT","Austria",6.8591907048081,0.0458092951918969,0.0712480833965667,0.0207388370892415,5.37529428391211e-05,FALSE,FALSE
"baseline_2023","AZE","Azerbaijan",5.47538691758721,-0.582386917587208,-0.899583712553661,0.00716349451470873,0.00291944546517802,FALSE,FALSE
"baseline_2023","BEL","Belgium",6.84323736683499,0.050762633165007,0.0789390580730003,0.0204150886061815,6.49326408700491e-05,FALSE,FALSE
"baseline_2023","BEN","Benin",4.38457988475167,-0.00757988475167398,-0.0117675997375858,0.0171502931417961,1.2081760304327e-06,FALSE,FALSE
"baseline_2023","BFA","Burkina Faso",4.07192583273415,0.476074167265848,0.741446306390089,0.0233757491643102,0.00657911458885,FALSE,FALSE
"baseline_2023","BGD","Bangladesh",4.78830413639392,-0.902304136393921,-1.39667606074352,0.0113280761899911,0.0111754583169903,FALSE,FALSE
"baseline_2023","BGR","Bulgaria",6.00907782547804,-0.546077825478038,-0.844246848471503,0.00892192130550318,0.00320818510850065,FALSE,FALSE
"baseline_2023","BHR","Bahrain",6.41924361424446,-0.460243614244462,-0.713100816289133,0.013240402411241,0.00341162821117431,FALSE,FALSE
"baseline_2023","BIH","Bosnia and Herzegovina",5.60523879216739,0.271761207832614,0.419781322402576,0.00718943778648317,0.000638035389432353,FALSE,FALSE
"baseline_2023","BOL","Bolivia",5.13324990883819,0.650750091161812,1.005773290378,0.0083327695530905,0.00425004579631747,FALSE,FALSE
"baseline_2023","BRA","Brazil",5.72590742016409,0.54609257983591,0.843641386858775,0.00744523084387499,0.00266937412024477,FALSE,FALSE
"baseline_2023","BWA","Botswana",5.53745146753155,-2.15445146753155,-3.32783931531389,0.00714365028053762,0.0398408383539908,TRUE,FALSE
"baseline_2023","CAN","Canada",6.83841636999151,0.0615836300084891,0.095761638127096,0.0203180214617916,9.50931936451919e-05,FALSE,FALSE
"baseline_2023","CHE","Switzerland",7.26884320187654,-0.208843201876537,-0.32643015388889,0.0303883391993977,0.00166978163232729,FALSE,TRUE
"baseline_2023","CHL","Chile",6.05890894149209,0.301091058507914,0.465583501756636,0.00930895927605928,0.00101842268400675,FALSE,FALSE
"baseline_2023","CHN","China",5.87394147943033,0.0990585205696655,0.153080132181427,0.00806388786408035,9.5250757895122e-05,FALSE,FALSE
"baseline_2023","CIV","Côte d’Ivoire",4.79894487040959,0.281055129590411,0.435018750828052,0.0112084152864369,0.00107256941940916,FALSE,FALSE
"baseline_2023","CMR","Cameroon",4.52510154153978,0.348898458460224,0.54102156999041,0.014840331550372,0.00220463219262755,FALSE,FALSE
"baseline_2023","COD","DR Congo",3.88509337390329,-0.59009337390329,-0.92111584143761,0.0278111035753001,0.0121357346803067,FALSE,FALSE
"baseline_2023","COG","Congo",4.76889309550632,0.452106904493683,0.699894872344895,0.0115508347443385,0.00286216495204409,FALSE,FALSE
"baseline_2023","COL","Colombia",5.46399874755287,0.23100125244713,0.356817795851776,0.00717354664818854,0.000459963747018595,FALSE,FALSE
"baseline_2023","COM","Comoros",4.52642837021858,-0.960428370218583,-1.48927884488564,0.014819962955584,0.0166822090900484,FALSE,FALSE
"baseline_2023","CRI","Costa Rica",6.06122285658681,0.893777143413187,1.38207977031389,0.00932785618047189,0.00899265877812954,FALSE,FALSE
"baseline_2023","CYP","Cyprus",6.56855198696566,-0.500551986965659,-0.776425378062983,0.0154526256651525,0.00473080573380512,FALSE,FALSE
"baseline_2023","CZE","Czechia",6.47337351227713,0.348626487722874,0.540370224300089,0.0140029312160724,0.00207346236354295,FALSE,FALSE
"baseline_2023","DEU","Germany",6.83755361664663,-0.118553616646627,-0.184347497924444,0.0203006881543767,0.000352097106588762,FALSE,FALSE
"baseline_2023","DNK","Denmark",6.98247621403655,0.600523785963451,0.935264681352071,0.0233722894891338,0.0104667364069007,FALSE,FALSE
"baseline_2023","DOM","Dominican Republic",5.74199271163523,0.08100728836477,0.12514884465111,0.0074961872599745,5.91468931153626e-05,FALSE,FALSE
"baseline_2023","DZA","Algeria",5.28573609721924,0.0782639027807649,0.120916279791026,0.00759000009118494,5.59100920671982e-05,FALSE,FALSE
"baseline_2023","ECU","Ecuador",5.43534519821686,0.289654801783138,0.447425115798848,0.00720763189440325,0.000726682817089195,FALSE,FALSE
"baseline_2023","EGY","Egypt",4.99133841355456,-1.01433841355456,-1.56852095790986,0.00934422167294422,0.0116030192245466,FALSE,FALSE
"baseline_2023","ESP","Spain",6.50884563028764,-0.0878456302876394,-0.136196716345734,0.014526986822613,0.000136720640783976,FALSE,FALSE
"baseline_2023","EST","Estonia",6.44109980505974,0.00690019494026192,0.0106927914670135,0.0135428848644652,7.84847312362565e-07,FALSE,FALSE
"baseline_2023","ETH","Ethiopia",4.19882027588998,-0.337820275889982,-0.525399522123911,0.0206684158894407,0.00291290809212656,FALSE,FALSE
"baseline_2023","FIN","Finland",6.81381180705814,0.927188192941863,1.44140368219118,0.01982817590696,0.0210146328905344,FALSE,FALSE
"baseline_2023","FRA","France",6.70171347190547,-0.0927134719054715,-0.143976855449148,0.0177138860899937,0.000186909430984066,FALSE,FALSE
"baseline_2023","GAB","Gabon",5.53535870231622,-0.429358702316221,-0.663202017225172,0.00714335751849476,0.00158225880952873,FALSE,FALSE
"baseline_2023","GBR","United Kingdom",6.77550987676001,-0.0265098767600101,-0.0411965325061046,0.0190840993023852,1.65093974870032e-05,FALSE,FALSE
"baseline_2023","GEO","Georgia",5.57531787056283,-0.390317870562834,-0.602903442289262,0.00716054408235353,0.00131078820909057,FALSE,FALSE
"baseline_2023","GHA","Ghana",4.74303097887199,-0.454030978871988,-0.702982219138707,0.0118565985447218,0.00296482337059415,FALSE,FALSE
"baseline_2023","GIN","Guinea",4.45774097587011,0.565259024129888,0.876998614626011,0.0159098666025382,0.00621726644479806,FALSE,FALSE
"baseline_2023","GMB","Gambia",4.07940317312054,0.405596826879456,0.631629854185184,0.0232093743130222,0.00473976982583332,FALSE,FALSE
"baseline_2023","GRC","Greece",6.2676113795236,-0.333611379523603,-0.516400887079848,0.0113434767604663,0.00152983542414541,FALSE,FALSE
"baseline_2023","GTM","Guatemala",5.33187796838808,0.955122031611916,1.47553097764083,0.0074354819660035,0.00815487007382419,FALSE,FALSE
"baseline_2023","HKG","Hong Kong SAR of China",6.78356513147532,-1.46756513147532,-2.2807861655546,0.01923871827265,0.0510213524902006,TRUE,FALSE
"baseline_2023","HND","Honduras",4.94546872534211,1.02253127465789,1.58150366112915,0.00973716492314112,0.0122968097356555,FALSE,FALSE
"baseline_2023","HRV","Croatia",6.23354676123685,-0.291546761236848,-0.451202409174204,0.0109658074877128,0.0011286054295025,FALSE,FALSE
"baseline_2023","HUN","Hungary",6.23430398206024,-0.217303982060244,-0.336304496621927,0.0109740093846115,0.000627470012687809,FALSE,FALSE
"baseline_2023","IDN","Indonesia",5.22123364429573,0.346766355704266,0.535820678086072,0.00786070058176115,0.00113735893823399,FALSE,FALSE
"baseline_2023","IND","India",4.75705044376646,-0.70305044376646,-1.08845039274838,0.0116895761349289,0.00700636362433601,FALSE,FALSE
"baseline_2023","IRL","Ireland",7.28383042133584,-0.445830421335836,-0.696994947620288,0.0307901436085755,0.00771654968372963,FALSE,TRUE
"baseline_2023","IRN","Iran",5.24452938494253,-0.321529384942527,-0.496798388226547,0.00775557719429403,0.000964552384702726,FALSE,FALSE
"baseline_2023","IRQ","Iraq",5.35592867051033,-0.189928670510329,-0.293403444362409,0.00736788023080038,0.000319488075683392,FALSE,FALSE
"baseline_2023","ISL","Iceland",7.10878338491949,0.416216615080509,0.649199719092502,0.0263118987924538,0.00569454432799653,FALSE,FALSE
"baseline_2023","ISR","Israel",6.80441462477539,0.536585375224607,0.834095283895949,0.0196435387871383,0.00697006854179877,FALSE,FALSE
"baseline_2023","ITA","Italy",6.61533477024337,-0.291334770243373,-0.452075846103221,0.0162160892286577,0.00168437591067475,FALSE,FALSE
"baseline_2023","JAM","Jamaica",5.51267596018456,0.329324039815441,0.508685374405415,0.00714449140007475,0.000931008775529454,FALSE,FALSE
"baseline_2023","JOR","Jordan",5.22532331899747,-1.03932331899747,-1.60593889259517,0.0078416437000879,0.0101918763759476,FALSE,FALSE
"baseline_2023","JPN","Japan",6.54234242089987,-0.482342420899871,-0.748022924389985,0.0150395652840341,0.00427185317611607,FALSE,FALSE
"baseline_2023","KAZ","Kazakhstan",5.87022924115145,0.317770758848554,0.491062337820633,0.00804426777326832,0.000977771750840266,FALSE,FALSE
"baseline_2023","KEN","Kenya",4.6062360538161,-0.136236053816101,-0.211127180228364,0.0136444343225355,0.00030830483442917,FALSE,FALSE
"baseline_2023","KGZ","Kyrgyzstan",4.67035320838311,1.04364679161689,1.61664020601776,0.012770744017344,0.0169042122954395,FALSE,FALSE
"baseline_2023","KHM","Cambodia",4.75575920993953,-0.414759209939532,-0.642127906532147,0.01170483342874,0.00244169638186831,FALSE,FALSE
"baseline_2023","KOR","Republic of Korea",6.55099747654836,-0.492997476548364,-0.764599416679459,0.0151748037328523,0.00450403607672693,FALSE,FALSE
"baseline_2023","KWT","Kuwait",6.52068551973968,0.430314480260318,0.667224411153391,0.0147061993631519,0.00332237429006253,FALSE,FALSE
"baseline_2023","LAO","Lao PDR",4.64770041680289,0.491299583197107,0.761154030068821,0.0130722228059108,0.00383688847306624,FALSE,FALSE
"baseline_2023","LBN","Lebanon",4.99537306872324,-2.28837306872324,-3.53856390767463,0.00931120188539754,0.0588426986422852,TRUE,FALSE
"baseline_2023","LBR","Liberia",4.01275040979372,0.256249590206276,0.399363118536215,0.0247226628596719,0.00202149666088705,FALSE,FALSE
"baseline_2023","LBY","Libya",5.36274876265062,0.503251237349384,0.777419966523523,0.00735032391533176,0.00223764845621231,FALSE,FALSE
"baseline_2023","LKA","Sri Lanka",5.05729691459164,-1.15929691459164,-1.79221744371055,0.00883571767858951,0.0143168538533444,FALSE,FALSE
"baseline_2023","LSO","Lesotho",4.10785548563022,-0.921855485630223,-1.43513247788578,0.0225841298706014,0.0237945757774595,FALSE,FALSE
"baseline_2023","LTU","Lithuania",6.3887463076763,0.429253692323697,0.664947000761101,0.0128305665365637,0.00287341398381881,FALSE,FALSE
"baseline_2023","LUX","Luxembourg",7.43146917023638,-0.309469170236381,-0.48484994102188,0.0349323229308651,0.00425455747389932,FALSE,TRUE
"baseline_2023","LVA","Latvia",6.24922850566415,-0.0152285056641492,-0.023569923233776,0.0111374592539318,3.12850276393689e-06,FALSE,FALSE
"baseline_2023","MAR","Morocco",5.05700100456526,-0.26200100456526,-0.405041426273656,0.00883785006864242,0.000731426704159747,FALSE,FALSE
"baseline_2023","MDA","Republic of Moldova",5.44339691456256,0.372603085437442,0.575550851240495,0.00719678254162825,0.00120063945188401,FALSE,FALSE
"baseline_2023","MDG","Madagascar",3.71789839336423,0.510101606635767,0.798068803465716,0.0322339178603991,0.0106070195979464,FALSE,TRUE
"baseline_2023","MEX","Mexico",5.91785250594847,0.760147494051534,1.17484123130699,0.00831199541687542,0.00578440374896266,FALSE,FALSE
"baseline_2023","MKD","North Macedonia",5.60611254536827,-0.237112545368269,-0.36626077459677,0.00719048775946401,0.000485784043194342,FALSE,FALSE
"baseline_2023","MLI","Mali",4.1903053737489,0.0416946262511018,0.0648518871259751,0.0208423587270973,4.47620006931934e-05,FALSE,FALSE
"baseline_2023","MLT","Malta",6.6428764642543,-0.296876464254296,-0.460784061241705,0.0166812396706546,0.00180093856460158,FALSE,FALSE
"baseline_2023","MMR","Myanmar",4.30259371852128,0.0514062814787173,0.0798675525046232,0.0186378328489278,6.05726895120892e-05,FALSE,FALSE
"baseline_2023","MNE","Montenegro",5.83719330914847,-0.130193309148467,-0.201175541702753,0.00787896901688685,0.000160703412846195,FALSE,FALSE
"baseline_2023","MNG","Mongolia",5.34158483139329,0.354415168606706,0.547514426866452,0.0074071308102801,0.00111851033740076,FALSE,FALSE
"baseline_2023","MOZ","Mozambique",3.84545932740751,1.37054067259249,2.14047955036986,0.028820796643639,0.0679827576940127,TRUE,TRUE
"baseline_2023","MRT","Mauritania",4.66713776060328,-0.162137760603276,-0.251161640525749,0.0128130583853158,0.000409383212541473,FALSE,FALSE
"baseline_2023","MUS","Mauritius",5.78103003300396,0.0349699669960428,0.0540292126953091,0.00763634499869968,1.12316089310149e-05,FALSE,FALSE
"baseline_2023","MWI","Malawi",3.85719464651276,-0.436194646512759,-0.681133263751448,0.0285193255112216,0.00680987701509081,FALSE,FALSE
"baseline_2023","MYS","Malaysia",5.78787683341213,0.187123166587867,0.289112507841652,0.00766333516394401,0.000322747248505179,FALSE,FALSE
"baseline_2023","NAM","Namibia",5.12559085099669,-0.29359085099669,-0.45377295303965,0.00837947774049564,0.000869998817823159,FALSE,FALSE
"baseline_2023","NER","Niger",3.87254556143394,0.683454438566064,1.06702331850956,0.0281281592694055,0.0164759376167812,FALSE,FALSE
"baseline_2023","NGA","Nigeria",4.67052248315041,0.210477516849588,0.326035624120956,0.0127685208012057,0.000687419280569089,FALSE,FALSE
"baseline_2023","NIC","Nicaragua",4.80343584211215,1.48056415788785,2.29156782638494,0.0111584326607126,0.0296286537811949,TRUE,FALSE
"baseline_2023","NLD","Netherlands",6.93646172366142,0.382538276338577,0.595462933998741,0.0223621421260475,0.00405522413426769,FALSE,FALSE
"baseline_2023","NOR","Norway",7.17661818157935,0.125381818420649,0.195734956316474,0.0279915841568241,0.000551650788592665,FALSE,FALSE
"baseline_2023","NPL","Nepal",4.37890273306847,0.779097266931527,1.20959223839012,0.0172499779732993,0.0128408410412116,FALSE,FALSE
"baseline_2023","NZL","New Zealand",6.76719471932499,0.261805280675009,0.406814344192384,0.0189255348050089,0.00159627866135723,FALSE,FALSE
"baseline_2023","PAK","Pakistan",4.36815404368208,0.288845956317924,0.448492937454522,0.017440066829014,0.0017851319195005,FALSE,FALSE
"baseline_2023","PAN","Panama",6.12286367742316,0.235136322576839,0.363697723378256,0.00986146784466708,0.000658713812994515,FALSE,FALSE
"baseline_2023","PER","Peru",5.54523820734065,0.295761792659353,0.456844152018834,0.00714532917675169,0.000751004781365855,FALSE,FALSE
"baseline_2023","PHL","Philippines",5.05530923808922,0.992690761910777,1.53466342907361,0.0088500670664792,0.0105148600885624,FALSE,FALSE
"baseline_2023","POL","Poland",6.23239414051668,0.209605859483323,0.324387320486899,0.010953339656826,0.000582676522081446,FALSE,FALSE
"baseline_2023","PRT","Portugal",6.38036629534077,-0.350366295340772,-0.542714083762177,0.0127204492349993,0.00189746815374325,FALSE,FALSE
"baseline_2023","PRY","Paraguay",5.3927506079274,0.584249392072597,0.902514246765646,0.0072815597104331,0.00298728365615518,FALSE,FALSE
"baseline_2023","PSE","State of Palestine",5.01983854541254,-0.140838545412543,-0.217760464755596,0.0091163193150747,0.000218134785264139,FALSE,FALSE
"baseline_2023","ROU","Romania",6.10291869701815,0.388081302981849,0.600211511237764,0.00968243471706758,0.00176111915313386,FALSE,FALSE
"baseline_2023","RUS","Russian Federation",5.9253543802183,-0.140354380218296,-0.216928798755644,0.00835733873652892,0.000198297495927423,FALSE,FALSE
"baseline_2023","SAU","Saudi Arabia",6.55997940342122,0.0340205965787794,0.0527670003326643,0.015316363761947,2.16547796335048e-05,FALSE,FALSE
"baseline_2023","SEN","Senegal",4.51632831719585,0.452671682804146,0.701986395075452,0.0149756913911362,0.00374599616639267,FALSE,FALSE
"baseline_2023","SGP","Singapore",7.14193673104936,-0.618936731049364,-0.965798120464205,0.0271240102704308,0.0130028673173483,FALSE,FALSE
"baseline_2023","SLE","Sierra Leone",3.97767819586766,-0.732678195867663,-1.14235609145068,0.0255462878698231,0.0171056505417136,FALSE,FALSE
"baseline_2023","SLV","El Salvador",5.27939064377917,1.18960935622083,1.83794645611507,0.00761380206480347,0.0129585551540765,FALSE,FALSE
"baseline_2023","SRB","Serbia",5.83847570810882,0.572524291891183,0.884670953212237,0.0078850735486002,0.0031101211419275,FALSE,FALSE
"baseline_2023","SVK","Slovakia",6.30304208026933,-0.046042080269326,-0.0712839081942079,0.0117551625718279,3.02215750210622e-05,FALSE,FALSE
"baseline_2023","SVN","Slovenia",6.49202179221619,0.250978207783813,0.389069509062373,0.014276031436633,0.00109616663024662,FALSE,FALSE
"baseline_2023","SWE","Sweden",6.83966696408412,0.50433303591588,0.784240511497916,0.0203431670119482,0.00638576809489236,FALSE,FALSE
"baseline_2023","SWZ","Eswatini",5.04672417926877,-1.54472417926877,-2.38816230664521,0.00891273977180362,0.02564466416363,FALSE,FALSE
"baseline_2023","TCD","Chad",4.12824937893023,0.342750621069774,0.533469447673184,0.022143605242321,0.00322227319618742,FALSE,FALSE
"baseline_2023","TGO","Togo",4.27444666496639,-0.0604466649663889,-0.0939387596662006,0.0191722850934136,8.62463643692733e-05,FALSE,FALSE
"baseline_2023","THA","Thailand",5.48260902949558,0.493390970504425,0.762114108179804,0.00715814977925798,0.00209377839036135,FALSE,FALSE
"baseline_2023","TJK","Tajikistan",4.27226745183499,1.00873254816501,1.56768132392957,0.0192141701803463,0.0240731556427625,FALSE,FALSE
"baseline_2023","TUN","Tunisia",5.0806500312543,-0.6586500312543,-1.01815710941397,0.00867166289508162,0.00453403080584173,FALSE,FALSE
"baseline_2023","TUR","Türkiye",5.89546293105979,-0.920462931059786,-1.42252237897438,0.00818179611246578,0.00834650767100664,FALSE,FALSE
"baseline_2023","TZA","Tanzania",4.29759301312581,-0.516593013125806,-0.80264504522679,0.0187318984297314,0.00614909461475229,FALSE,FALSE
"baseline_2023","UGA","Uganda",4.16407158497945,0.207928415020545,0.323501877997839,0.0213852503345554,0.00114347374675566,FALSE,FALSE
"baseline_2023","UKR","Ukraine",5.25637368457386,-0.38337368457386,-0.592339656033521,0.00770531895732422,0.0013622649394392,FALSE,FALSE
"baseline_2023","URY","Uruguay",6.26861048609699,0.34238951390301,0.529991703130985,0.0113548221946816,0.001613050751083,FALSE,FALSE
"baseline_2023","USA","United States",7.11190972079256,-0.386909720792564,-0.603511389417442,0.0263877608398693,0.00493579893414309,FALSE,FALSE
"baseline_2023","UZB","Uzbekistan",4.90018353690781,1.29481646309219,2.00305944823823,0.0101567380602294,0.02058474555247,FALSE,FALSE
"baseline_2023","VEN","Venezuela",5.02169833018537,0.585301669814633,0.904969833650058,0.00910188021299662,0.00376132032560676,FALSE,FALSE
"baseline_2023","VNM","Viet Nam",5.14072948412622,0.902270515873783,1.39448172965079,0.00828802373315699,0.00812570571300378,FALSE,FALSE
"baseline_2023","ZAF","South Africa",5.3636082823414,0.0583917176585951,0.0902031319218132,0.00734816192423345,3.01158416388552e-05,FALSE,FALSE
"baseline_2023","ZMB","Zambia",4.35345540917113,-0.851455409171129,-1.32223702610718,0.0177028765087231,0.0157539550013769,FALSE,FALSE
"baseline_2023","ZWE","Zimbabwe",4.68793372890138,-1.34693372890138,-2.08619930213407,0.0125421914373569,0.0276399003403421,FALSE,FALSE
"main_2023","AFG","Afghanistan",3.54307090486241,-1.82207090486241,-2.86480515377727,0.054072177359621,0.117285965043242,TRUE,FALSE
"main_2023","ALB","Albania",5.65211563133737,-0.348115631337373,-0.538779595659015,0.0237919131289366,0.00176867995211622,FALSE,FALSE
"main_2023","ARE","United Arab Emirates",6.77439184384166,-0.041391843841665,-0.0639212363189343,0.0194791228782725,2.02928429010146e-05,FALSE,FALSE
"main_2023","ARG","Argentina",5.97255618649191,0.215443813508092,0.333825164195061,0.0260255941482126,0.000744442672595582,FALSE,FALSE
"main_2023","ARM","Armenia",5.55495940076604,-0.099959400766039,-0.153922101290601,0.0138046456099804,8.29094979671727e-05,FALSE,FALSE
"main_2023","AUS","Australia",6.95440146941309,0.102598530586909,0.158709038153195,0.0227704429450314,0.000146729761878621,FALSE,FALSE
"main_2023","AUT","Austria",6.83507386904251,0.069926130957486,0.108608669644063,0.0306789546931733,9.33344371442398e-05,FALSE,FALSE
"main_2023","AZE","Azerbaijan",5.46479523369106,-0.571795233691064,-0.878064220238156,0.00837804882447178,0.00162850585741128,FALSE,FALSE
"main_2023","BEL","Belgium",6.84802722183252,0.0459727781674752,0.0710381836468439,0.0206556255505811,2.66088818309209e-05,FALSE,FALSE
"main_2023","BEN","Benin",4.41763549683537,-0.0406354968353694,-0.0633793535332746,0.0387570455951925,4.04904975222434e-05,FALSE,FALSE
"main_2023","BFA","Burkina Faso",4.06377260414609,0.484227395853915,0.753412407261159,0.0340585359511998,0.00500357842078971,FALSE,FALSE
"main_2023","BGD","Bangladesh",4.73367506354136,-0.847675063541363,-1.32792738716099,0.0471428638551495,0.0218110631556549,FALSE,FALSE
"main_2023","BGR","Bulgaria",6.01795328050923,-0.554953280509227,-0.853011302887531,0.0102604936177484,0.00188580563475862,FALSE,FALSE
"main_2023","BHR","Bahrain",6.45058667981662,-0.491586679816625,-0.763784626478673,0.0313296211207775,0.00471694657265433,FALSE,FALSE
"main_2023","BIH","Bosnia and Herzegovina",5.56937642228982,0.307623577710178,0.475667076159094,0.0219733597571178,0.00127084321576131,FALSE,FALSE
"main_2023","BOL","Bolivia",5.16708420800626,0.616915791993742,0.953284570990291,0.0206807781492915,0.00479764084901697,FALSE,FALSE
"main_2023","BRA","Brazil",5.75878708963511,0.513212910364886,0.794090476433233,0.023273878979176,0.00375643564608934,FALSE,FALSE
"main_2023","BWA","Botswana",5.56139434179443,-2.17839434179443,-3.36846300225565,0.0220265404806801,0.0638885151276204,TRUE,FALSE
"main_2023","CAN","Canada",6.83762933897667,0.0623706610233294,0.096396785371419,0.0210664280383235,4.99922625928148e-05,FALSE,FALSE
"main_2023","CHE","Switzerland",7.26178433120727,-0.201784331207267,-0.313782978561557,0.0329838022742338,0.000839587068303061,FALSE,FALSE
"main_2023","CHL","Chile",6.0725798431573,0.287420156842702,0.445461735849009,0.0265105135684748,0.00135097618804763,FALSE,FALSE
"main_2023","CHN","China",5.86077155346336,0.11222844653664,0.172536160626202,0.0106196622281672,7.98817731408358e-05,FALSE,FALSE
"main_2023","CIV","Côte d’Ivoire",4.82928530802095,0.250714691979049,0.391868900156547,0.042815616000319,0.00171722893110826,FALSE,FALSE
"main_2023","CMR","Cameroon",4.55233431156737,0.321665688432633,0.498314721927374,0.0256394956846006,0.00163356812837951,FALSE,FALSE
"main_2023","COD","DR Congo",3.90257523729022,-0.607575237290219,-0.943836056715645,0.0309980897261675,0.00712432027876322,FALSE,FALSE
"main_2023","COG","Congo",4.80208457572393,0.418915424276072,0.6484661653956,0.0241216308239213,0.00259851737765678,FALSE,FALSE
"main_2023","COL","Colombia",5.47444548499157,0.220554515008428,0.341692227402011,0.0257299831766559,0.000770850881364965,FALSE,FALSE
"main_2023","COM","Comoros",4.50443982629078,-0.938439826290777,-1.45120033320271,0.0221420889315916,0.0119216834108223,FALSE,FALSE
"main_2023","CRI","Costa Rica",6.0593883760917,0.895611623908297,1.3815513797412,0.0172953912257642,0.00839810862994321,FALSE,FALSE
"main_2023","CYP","Cyprus",6.54138549462059,-0.473385494620587,-0.732531108494504,0.0234479888457529,0.00322108639924869,FALSE,FALSE
"main_2023","CZE","Czechia",6.46375373746249,0.358246262537514,0.55213103445049,0.0155432289718156,0.00120328615792462,FALSE,FALSE
"main_2023","DEU","Germany",6.83795404620463,-0.118954046204626,-0.183937102248287,0.0220033004853416,0.000190295767883695,FALSE,FALSE
"main_2023","DNK","Denmark",6.99109472420939,0.59190527579061,0.916841705731154,0.025384458268535,0.00547347698820962,FALSE,FALSE
"main_2023","DOM","Dominican Republic",5.75701915592257,0.0659808440774266,0.101418509578155,0.0102650243560919,2.66695398771243e-05,FALSE,FALSE
"main_2023","DZA","Algeria",5.29622177010407,0.0677782298959332,0.104920909517831,0.0241704091900665,6.81669905952343e-05,FALSE,FALSE
"main_2023","ECU","Ecuador",5.42136046930369,0.303639530696314,0.468408194001635,0.0173807063640998,0.000970221984923288,FALSE,FALSE
"main_2023","EGY","Egypt",4.96581205324606,-0.988812053246058,-1.5244078905388,0.0161185810745214,0.00951757776667051,FALSE,FALSE
"main_2023","ESP","Spain",6.49596650955641,-0.0749665095564131,-0.115927767726675,0.0221386834148408,7.60658073206167e-05,FALSE,FALSE
"main_2023","EST","Estonia",6.43202523622285,0.0159747637771545,0.0246321920129525,0.0164863344064359,2.54266905393704e-06,FALSE,FALSE
"main_2023","ETH","Ethiopia",4.15842363878081,-0.297423638780809,-0.463609852788482,0.0375830070370328,0.00209832891734905,FALSE,FALSE
"main_2023","FIN","Finland",6.79874263903724,0.942257360962763,1.45871322331931,0.0242987315669224,0.0132478859960449,FALSE,FALSE
"main_2023","FRA","France",6.69027663912696,-0.0812766391269613,-0.125501386492096,0.0192641347021041,7.73454026887454e-05,FALSE,FALSE
"main_2023","GAB","Gabon",5.60438101776141,-0.498381017761411,-0.785523277156927,0.058712049810881,0.00962194500707087,FALSE,TRUE
"main_2023","GBR","United Kingdom",6.77745363831539,-0.0284536383153866,-0.0439439478883434,0.0196185098314479,9.6607104143347e-06,FALSE,FALSE
"main_2023","GEO","Georgia",5.56803588395298,-0.383035883952978,-0.588006692460313,0.00772507396091727,0.000672938189987891,FALSE,FALSE
"main_2023","GHA","Ghana",4.76737175560171,-0.478371755601706,-0.739150326578138,0.0205480280936576,0.00286544819268523,FALSE,FALSE
"main_2023","GIN","Guinea",4.46673667531462,0.556263324685383,0.868214710334628,0.0401039464834573,0.00787330715231347,FALSE,FALSE
"main_2023","GMB","Gambia",4.11425168113271,0.370748318867295,0.580127165321389,0.0449423060878428,0.00395924301494335,FALSE,FALSE
"main_2023","GRC","Greece",6.26147178296011,-0.327471782960113,-0.505007106420627,0.0167353602014979,0.00108517462676702,FALSE,FALSE
"main_2023","GTM","Guatemala",5.32372443514313,0.96327556485687,1.47916908024806,0.00829368390890099,0.00457446225861304,FALSE,FALSE
"main_2023","HKG","Hong Kong SAR of China",6.79877709864502,-1.48277709864502,-2.30577011411992,0.0329757623183228,0.0453241329763747,TRUE,FALSE
"main_2023","HND","Honduras",4.94182325498791,1.02617674501209,1.58110917967099,0.0149954231733208,0.00951446135758121,FALSE,FALSE
"main_2023","HRV","Croatia",6.20335760508204,-0.261357605082042,-0.40431297666889,0.0228695340376352,0.000956489333664997,FALSE,FALSE
"main_2023","HUN","Hungary",6.23362456249121,-0.21662456249121,-0.333622832759025,0.0141258086529838,0.000398697361215093,FALSE,FALSE
"main_2023","IDN","Indonesia",5.22321946089151,0.344780539108489,0.529405489591184,0.00819512251156185,0.00057895672106568,FALSE,FALSE
"main_2023","IND","India",4.71769238726925,-0.663692387269253,-1.02964666159605,0.0284282633579889,0.00775518027305795,FALSE,FALSE
"main_2023","IRL","Ireland",7.24603803223019,-0.408038032230186,-0.644673996589116,0.0632178330898364,0.00701166737376342,FALSE,TRUE
"main_2023","IRN","Iran",5.2530847348792,-0.3300847348792,-0.51418991806655,0.0363454010527347,0.00249295930834861,FALSE,FALSE
"main_2023","IRQ","Iraq",5.37305585110736,-0.207055851107355,-0.318318650477344,0.0106078122222907,0.000271594846522616,FALSE,FALSE
"main_2023","ISL","Iceland",7.12391734824489,0.401082651755113,0.622584143325735,0.02951399705032,0.00294696428747485,FALSE,FALSE
"main_2023","ISR","Israel",6.81299050576038,0.528009494239621,0.816337748606528,0.0217241413609169,0.00369965350045131,FALSE,FALSE
"main_2023","ITA","Italy",6.58639171314972,-0.262391713149717,-0.406392241200416,0.0251741300361592,0.00106624804917048,FALSE,FALSE
"main_2023","JAM","Jamaica",5.51320864618615,0.328791353813853,0.505598923858054,0.0111142318362213,0.000718266506779751,FALSE,FALSE
"main_2023","JOR","Jordan",5.26056226143525,-1.07456226143525,-1.70150276091447,0.0673568956553768,0.0522723355004261,TRUE,TRUE
"main_2023","JPN","Japan",6.54931750149851,-0.489317501498507,-0.758346337798598,0.0264372629014215,0.00390416121843245,FALSE,FALSE
"main_2023","KAZ","Kazakhstan",5.86426494864086,0.323735051359142,0.497983310904464,0.0117484538651086,0.000737025982970809,FALSE,FALSE
"main_2023","KEN","Kenya",4.59347122114346,-0.123471221143463,-0.192030016928309,0.033257352019748,0.000317142933092714,FALSE,FALSE
"main_2023","KGZ","Kyrgyzstan",4.62965837871199,1.08434162128801,1.68542526828274,0.0320991164759804,0.0235516426099722,FALSE,FALSE
"main_2023","KHM","Cambodia",4.73099270054921,-0.389992700549211,-0.601876927697773,0.0182177011874501,0.00168048165651615,FALSE,FALSE
"main_2023","KOR","Republic of Korea",6.54171128283305,-0.483711282833046,-0.747106479454556,0.0197766107875521,0.0028153462832903,FALSE,FALSE
"main_2023","KWT","Kuwait",6.5444674034864,0.406532596513597,0.632140799132051,0.0328791705772163,0.00339631346727809,FALSE,FALSE
"main_2023","LAO","Lao PDR",4.62664373177514,0.512356268224864,0.790529832360872,0.0177428202943252,0.00282211026138631,FALSE,FALSE
"main_2023","LBN","Lebanon",5.02739063871196,-2.32039063871196,-3.70696339408887,0.0837726615571317,0.314105594123278,TRUE,TRUE
"main_2023","LBR","Liberia",4.04696198293955,0.222038017060452,0.345976119470547,0.0368807451785619,0.00114591360892693,FALSE,FALSE
"main_2023","LBY","Libya",5.42194477254747,0.444055227452527,0.694371270897608,0.0436692558595018,0.00550416152556997,FALSE,FALSE
"main_2023","LKA","Sri Lanka",4.97075056465462,-1.07275056465462,-1.7185250117951,0.0888215904844947,0.071972543094503,TRUE,TRUE
"main_2023","LSO","Lesotho",4.13921798920532,-0.953217989205324,-1.4989637084949,0.054373020032783,0.0322987597532612,TRUE,FALSE
"main_2023","LTU","Lithuania",6.38199065194123,0.436009348058772,0.673074755431116,0.0187433142887591,0.00216336785098041,FALSE,FALSE
"main_2023","LUX","Luxembourg",7.44361223119965,-0.321612231199649,-0.502243674895075,0.041143109655333,0.00270590335173092,FALSE,FALSE
"main_2023","LVA","Latvia",6.24960704063753,-0.0156070406375331,-0.0240955270820033,0.0189618587786123,2.80548457769723e-06,FALSE,FALSE
"main_2023","MAR","Morocco",5.05117722538485,-0.256177225384851,-0.396181327310282,0.0222886396585142,0.000894542369656967,FALSE,FALSE
"main_2023","MDA","Republic of Moldova",5.41888294262441,0.397117057375585,0.614311942010904,0.0228149834821693,0.0022027300880144,FALSE,FALSE
"main_2023","MDG","Madagascar",3.70804201610076,0.519957983899236,0.809062915547347,0.0341947907195073,0.0057939535023308,FALSE,FALSE
"main_2023","MEX","Mexico",5.93936965378027,0.738630346219733,1.13699409037444,0.0131400831676039,0.00430327428046387,FALSE,FALSE
"main_2023","MKD","North Macedonia",5.59815905667332,-0.229159056673324,-0.351833707158611,0.00798829961062312,0.000249202530563194,FALSE,FALSE
"main_2023","MLI","Mali",4.18982987465214,0.0421701253478549,0.0657150680006006,0.0370638474553661,4.15549667841274e-05,FALSE,FALSE
"main_2023","MLT","Malta",6.6582573598976,-0.312257359897601,-0.483731512493486,0.0256068144171458,0.00153734055882155,FALSE,FALSE
"main_2023","MMR","Myanmar",4.27603370552242,0.0779662944775794,0.120810441937517,0.0260818188369811,9.77157017716566e-05,FALSE,FALSE
"main_2023","MNE","Montenegro",5.82542086772362,-0.118420867723625,-0.182000111861864,0.0100100180573105,8.37312123767453e-05,FALSE,FALSE
"main_2023","MNG","Mongolia",5.36050597225085,0.335494027749153,0.515957841925435,0.0113130916117796,0.00076153692199224,FALSE,FALSE
"main_2023","MOZ","Mozambique",3.84171672953416,1.37428327046584,2.13294821635452,0.0292452427690419,0.0342646528069364,TRUE,FALSE
"main_2023","MRT","Mauritania",4.68346425905804,-0.178464259058042,-0.275201825625528,0.016628727654839,0.000320172578381765,FALSE,FALSE
"main_2023","MUS","Mauritius",5.74035763925061,0.0756423607493938,0.118041527987555,0.0397636654109989,0.000144250700004968,FALSE,FALSE
"main_2023","MWI","Malawi",3.80716624259445,-0.386166242594448,-0.607942624338375,0.0565018416680454,0.00553333218883825,FALSE,FALSE
"main_2023","MYS","Malaysia",5.79847583521363,0.176524164786365,0.271407434511632,0.0108037016501707,0.000201128487782011,FALSE,FALSE
"main_2023","NAM","Namibia",5.12834998845674,-0.296349988456742,-0.45748478170893,0.0187624546796146,0.00100048092091043,FALSE,FALSE
"main_2023","NER","Niger",3.84746566604387,0.708534333956128,1.10715979053304,0.0423235190266301,0.0135432709360818,FALSE,FALSE
"main_2023","NGA","Nigeria",4.74481455878232,0.13618544121768,0.224377004324441,0.138565412506649,0.00202455338634843,FALSE,TRUE
"main_2023","NIC","Nicaragua",4.79362118274075,1.49037881725925,2.31753306144295,0.0329273671249459,0.0457182710371207,TRUE,FALSE
"main_2023","NLD","Netherlands",6.9563006540873,0.362699345912701,0.562126182080793,0.0264829800339875,0.00214897290993081,FALSE,FALSE
"main_2023","NOR","Norway",7.17058412399233,0.131415876007666,0.204232698451839,0.0318051923350456,0.000342551470963595,FALSE,FALSE
"main_2023","NPL","Nepal",4.40041638657255,0.757583613427447,1.18404650352052,0.0427149934719816,0.0156392749709119,FALSE,FALSE
"main_2023","NZL","New Zealand",6.76840558942708,0.260594410572917,0.402336324006663,0.0189992550601798,0.000783764758533214,FALSE,FALSE
"main_2023","PAK","Pakistan",4.35287468078378,0.304125319216217,0.469802613631475,0.020077047652133,0.00113052139420074,FALSE,FALSE
"main_2023","PAN","Panama",6.1033264882867,0.254673511713296,0.392221618854508,0.0141243739593374,0.000550998152006302,FALSE,FALSE
"main_2023","PER","Peru",5.5664949363779,0.274505063622099,0.42618903958697,0.0299060450652606,0.00139987657758594,FALSE,FALSE
"main_2023","PHL","Philippines",5.05765809789343,0.990341902106567,1.52158961797395,0.00941244294028891,0.00549977052787236,FALSE,FALSE
"main_2023","POL","Poland",6.20753020083361,0.234469799166387,0.362107448522187,0.019570121488386,0.000654322582288729,FALSE,FALSE
"main_2023","PRT","Portugal",6.34175591705138,-0.311755917051376,-0.483656074846583,0.0284307798114391,0.00171130857633594,FALSE,FALSE
"main_2023","PRY","Paraguay",5.40306544297285,0.573934557027154,0.882012709084618,0.00986891563572863,0.00193850281526795,FALSE,FALSE
"main_2023","PSE","State of Palestine",5.09418571349204,-0.215185713492036,-0.340744623901908,0.0674191878490357,0.00209843284175737,FALSE,TRUE
"main_2023","ROU","Romania",6.07235050781227,0.418649492187732,0.648771169299259,0.0262764247634541,0.00283957720681572,FALSE,FALSE
"main_2023","RUS","Russian Federation",5.94616330230772,-0.161163302307716,-0.248464643634395,0.0161684361390482,0.000253639254382077,FALSE,FALSE
"main_2023","SAU","Saudi Arabia",6.57401936606065,0.0199806339393474,0.0308398859876892,0.018454061203349,4.47040492085692e-06,FALSE,FALSE
"main_2023","SEN","Senegal",4.52373853063348,0.445261469366519,0.687161728041015,0.0181843835043353,0.00218638470912744,FALSE,FALSE
"main_2023","SGP","Singapore",7.16448133101606,-0.641481331016064,-0.997241033293586,0.0324233151967521,0.00833129115548477,FALSE,FALSE
"main_2023","SLE","Sierra Leone",3.9960807516687,-0.751080751668696,-1.16590932875806,0.029576418062713,0.0103574727138492,FALSE,FALSE
"main_2023","SLV","El Salvador",5.30564476357044,1.16335523642956,1.79343097368285,0.0160500736308687,0.0131163613343456,FALSE,FALSE
"main_2023","SRB","Serbia",5.82657954996479,0.584420450035212,0.897976643413515,0.00953676660105949,0.00194103284899172,FALSE,FALSE
"main_2023","SVK","Slovakia",6.26713382091756,-0.0101338209175602,-0.0157474709826977,0.0316274981064772,2.02480885753056e-06,FALSE,FALSE
"main_2023","SVN","Slovenia",6.44501395127757,0.297986048722433,0.4645743495448,0.0379469082784209,0.0021282753825298,FALSE,FALSE
"main_2023","SWE","Sweden",6.8428143435306,0.501185656469396,0.774601195120179,0.0210543681679588,0.00322611596403188,FALSE,FALSE
"main_2023","SWZ","Eswatini",5.02109099752832,-1.51909099752832,-2.40146079665226,0.064305214732504,0.0990838777677296,TRUE,TRUE
"main_2023","TCD","Chad",4.14057582146878,0.330424178531223,0.527609812651761,0.0828601979810104,0.00628747342044571,FALSE,TRUE
"main_2023","TGO","Togo",4.28577839911186,-0.0717783991118591,-0.11111870633543,0.0242674024683179,7.67727046035685e-05,FALSE,FALSE
"main_2023","THA","Thailand",5.46852356597841,0.507476434021593,0.780805205333631,0.0122114433091434,0.0018842061436873,FALSE,FALSE
"main_2023","TJK","Tajikistan",4.21984737182711,1.06115262817289,1.6696072303143,0.0554070365282763,0.0408779265068675,TRUE,FALSE
"main_2023","TUN","Tunisia",5.08269946230145,-0.660699462301455,-1.02729363736812,0.0327553376794349,0.00893459651181682,FALSE,FALSE
"main_2023","TUR","Türkiye",5.92528649923384,-0.950286499233842,-1.46947107464082,0.0220769862491178,0.0121870112684539,FALSE,FALSE
"main_2023","TZA","Tanzania",4.27930878444247,-0.498308784442472,-0.77061402860532,0.0222205705365059,0.00337386840857423,FALSE,FALSE
"main_2023","UGA","Uganda",4.13301752837001,0.238982471629994,0.371686659690431,0.0332909585900726,0.00118939053118336,FALSE,FALSE
"main_2023","UKR","Ukraine",5.26887415364821,-0.395874153648212,-0.609137397422408,0.0123537922164005,0.00116029768959166,FALSE,FALSE
"main_2023","URY","Uruguay",6.30481917151348,0.306180828486516,0.47450091569046,0.0263575296184606,0.00152376962487872,FALSE,FALSE
"main_2023","USA","United States",7.1186806470198,-0.3936806470198,-0.617800933734958,0.0504701052682025,0.00507180675107572,FALSE,FALSE
"main_2023","UZB","Uzbekistan",4.88610033535531,1.30889966464469,2.0164340452949,0.0147140233025106,0.0151801893710009,FALSE,FALSE
"main_2023","VEN","Venezuela",5.07194252652071,0.535057473479294,0.840534408926989,0.0524382814568879,0.00977444136434792,FALSE,FALSE
"main_2023","VNM","Viet Nam",5.09569089727174,0.947309102728261,1.47057752130383,0.0296571589021949,0.0165241905004256,FALSE,FALSE
"main_2023","ZAF","South Africa",5.39373950648301,0.0282604935169873,0.0439994604026072,0.0353219115109336,1.7721337372956e-05,FALSE,FALSE
"main_2023","ZMB","Zambia",4.35377065960107,-0.851770659601073,-1.31422061175052,0.0177400530657385,0.00779839153870083,FALSE,FALSE
"main_2023","ZWE","Zimbabwe",4.69133982405897,-1.35033982405897,-2.10137725432811,0.0344033964344651,0.0393326903606257,TRUE,FALSE
