"iso3","life_sat_2016","country","life_sat_2023","change"
"LBN",5.225,"Lebanon",2.707,-2.518
"AFG",3.794,"Afghanistan",1.721,-2.073
"SLE",4.709,"Sierra Leone",3.245,-1.464
"JOR",5.336,"Jordan",4.186,-1.15
"ZMB",4.514,"Zambia",3.502,-1.012
"COD",4.28,"DR Congo",3.295,-0.985
"EGY",4.735,"Egypt",3.977,-0.758
"BGD",4.608,"Bangladesh",3.886,-0.722
"COL",6.357,"Colombia",5.695,-0.662
"LSO",3.808,"Lesotho",3.186,-0.622
"PAK",5.269,"Pakistan",4.657,-0.612
"ETH",4.46,"Ethiopia",3.861,-0.599
"MWI",3.97,"Malawi",3.421,-0.549
"LKA",4.44,"Sri Lanka",3.898,-0.542
"ZWE",3.875,"Zimbabwe",3.341,-0.534
"TUR",5.5,"Türkiye",4.975,-0.525
"DZA",5.872,"Algeria",5.364,-0.508
"THA",6.424,"Thailand",5.976,-0.448
"MAR",5.235,"Morocco",4.795,-0.44
"CHE",7.494,"Switzerland",7.06,-0.434
"CAN",7.316,"Canada",6.9,-0.415999999999999
"ARG",6.599,"Argentina",6.188,-0.411
"BWA",3.766,"Botswana",3.383,-0.383
"TUN",4.805,"Tunisia",4.422,-0.383
"BRA",6.635,"Brazil",6.272,-0.363
"AZE",5.234,"Azerbaijan",4.893,-0.341
"CHL",6.652,"Chile",6.36,-0.292
"NZL",7.314,"New Zealand",7.029,-0.285
"ECU",6.008,"Ecuador",5.725,-0.283
"USA",6.993,"United States",6.725,-0.268000000000001
"IND",4.315,"India",4.054,-0.261
"NOR",7.537,"Norway",7.302,-0.235
"DEU",6.951,"Germany",6.719,-0.231999999999999
"AUS",7.284,"Australia",7.057,-0.226999999999999
"NGA",5.074,"Nigeria",4.881,-0.193
"MMR",4.545,"Myanmar",4.354,-0.191
"MLT",6.527,"Malta",6.346,-0.181
"RUS",5.963,"Russian Federation",5.785,-0.178
"GTM",6.454,"Guatemala",6.287,-0.167
"HKG",5.472,"Hong Kong SAR of China",5.316,-0.156000000000001
"IRL",6.977,"Ireland",6.838,-0.139
"BHR",6.087,"Bahrain",5.959,-0.128
"CRI",7.079,"Costa Rica",6.955,-0.124
"MYS",6.084,"Malaysia",5.975,-0.109
"AUT",7.006,"Austria",6.905,-0.101
"PAN",6.452,"Panama",6.358,-0.0940000000000003
"KEN",4.553,"Kenya",4.47,-0.0830000000000002
"NLD",7.377,"Netherlands",7.319,-0.0579999999999998
"SGP",6.572,"Singapore",6.523,-0.0490000000000004
"BOL",5.823,"Bolivia",5.784,-0.0390000000000006
"YEM",3.593,"Yemen",3.561,-0.032
"MDA",5.838,"Republic of Moldova",5.816,-0.0220000000000002
"BEL",6.891,"Belgium",6.894,0.00300000000000011
"ESP",6.403,"Spain",6.421,0.0180000000000007
"ISL",7.504,"Iceland",7.525,0.0210000000000008
"GBR",6.714,"United Kingdom",6.749,0.0349999999999993
"MLI",4.19,"Mali",4.232,0.0419999999999998
"SWE",7.284,"Sweden",7.344,0.0600000000000005
"DNK",7.522,"Denmark",7.583,0.0609999999999999
"ARE",6.648,"United Arab Emirates",6.733,0.085
"MEX",6.578,"Mexico",6.678,0.0999999999999996
"PSE",4.775,"State of Palestine",4.879,0.103999999999999
"PER",5.715,"Peru",5.841,0.126
"ISR",7.213,"Israel",7.341,0.128
"JPN",5.92,"Japan",6.06,0.14
"URY",6.454,"Uruguay",6.611,0.157
"SVK",6.098,"Slovakia",6.257,0.159
"FRA",6.442,"France",6.609,0.167
"GHA",4.12,"Ghana",4.289,0.169
"KHM",4.168,"Cambodia",4.341,0.173
"CMR",4.695,"Cameroon",4.874,0.178999999999999
"MUS",5.629,"Mauritius",5.816,0.187
"MKD",5.175,"North Macedonia",5.369,0.194
"NPL",4.962,"Nepal",5.158,0.196000000000001
"CZE",6.609,"Czechia",6.822,0.213
"MRT",4.292,"Mauritania",4.505,0.213
"NIC",6.071,"Nicaragua",6.284,0.213
"KOR",5.838,"Republic of Korea",6.058,0.22
"UZB",5.971,"Uzbekistan",6.195,0.224
"IRN",4.692,"Iran",4.923,0.231
"TJK",5.041,"Tajikistan",5.281,0.239999999999999
"SAU",6.344,"Saudi Arabia",6.594,0.25
"NAM",4.574,"Namibia",4.832,0.258
"LUX",6.863,"Luxembourg",7.122,0.258999999999999
"FIN",7.469,"Finland",7.741,0.271999999999999
"UGA",4.081,"Uganda",4.372,0.290999999999999
"IDN",5.262,"Indonesia",5.568,0.306
"LBY",5.525,"Libya",5.866,0.340999999999999
"VEN",5.25,"Venezuela",5.607,0.357
"ITA",5.964,"Italy",6.324,0.359999999999999
"KAZ",5.819,"Kazakhstan",6.188,0.369
"LVA",5.85,"Latvia",6.234,0.384
"TZA",3.349,"Tanzania",3.781,0.432
"SEN",4.535,"Senegal",4.969,0.434
"CYP",5.621,"Cyprus",6.068,0.446999999999999
"SLV",6.003,"El Salvador",6.469,0.466
"POL",5.973,"Poland",6.442,0.469
"MNE",5.237,"Montenegro",5.707,0.47
"PRY",5.493,"Paraguay",5.977,0.484
"BFA",4.032,"Burkina Faso",4.548,0.516
"NER",4.028,"Niger",4.556,0.528
"JAM",5.311,"Jamaica",5.842,0.531
"TCD",3.936,"Chad",4.471,0.535
"MDG",3.644,"Madagascar",4.228,0.584
"DOM",5.23,"Dominican Republic",5.823,0.593
"ZAF",4.829,"South Africa",5.422,0.593
"PHL",5.43,"Philippines",6.048,0.618
"GAB",4.465,"Gabon",5.106,0.641
"HRV",5.293,"Croatia",5.942,0.649
"ALB",4.644,"Albania",5.304,0.66
"ROU",5.825,"Romania",6.491,0.665999999999999
"MOZ",4.55,"Mozambique",5.216,0.666
"IRQ",4.497,"Iraq",5.166,0.669
"HUN",5.324,"Hungary",6.017,0.693000000000001
"BIH",5.182,"Bosnia and Herzegovina",5.877,0.694999999999999
"CHN",5.273,"China",5.973,0.7
"GRC",5.227,"Greece",5.934,0.707
"KGZ",5.004,"Kyrgyzstan",5.714,0.710000000000001
"TGO",3.495,"Togo",4.214,0.719
"BEN",3.657,"Benin",4.377,0.72
"LBR",3.533,"Liberia",4.269,0.736
"MNG",4.955,"Mongolia",5.696,0.741
"BGR",4.714,"Bulgaria",5.463,0.749
"UKR",4.096,"Ukraine",4.873,0.777
"HND",5.181,"Honduras",5.968,0.787
"PRT",5.195,"Portugal",6.03,0.835
"EST",5.611,"Estonia",6.448,0.837000000000001
"KWT",6.105,"Kuwait",6.951,0.845999999999999
"GEO",4.286,"Georgia",5.185,0.899
"CIV",4.18,"Côte d’Ivoire",5.08,0.9
"LTU",5.902,"Lithuania",6.818,0.915999999999999
"COG",4.291,"Congo",5.221,0.93
"VNM",5.074,"Viet Nam",6.043,0.969
"SVN",5.758,"Slovenia",6.743,0.985
"SRB",5.395,"Serbia",6.411,1.016
"ARM",4.376,"Armenia",5.455,1.079
"GIN",3.507,"Guinea",5.023,1.516
