"iso3","score_available","residual_available"
"-99",FALSE,FALSE
"ABW",FALSE,FALSE
"AFG",TRUE,TRUE
"AGO",FALSE,FALSE
"AIA",FALSE,FALSE
"ALA",FALSE,FALSE
"ALB",TRUE,TRUE
"AND",FALSE,FALSE
"ARE",TRUE,TRUE
"ARG",TRUE,TRUE
"ARM",TRUE,TRUE
"ASM",FALSE,FALSE
"ATF",FALSE,FALSE
"ATG",FALSE,FALSE
"AUS",TRUE,TRUE
"AUT",TRUE,TRUE
"AZE",TRUE,TRUE
"BDI",FALSE,FALSE
"BEL",TRUE,TRUE
"BEN",TRUE,TRUE
"BFA",TRUE,TRUE
"BGD",TRUE,TRUE
"BGR",TRUE,TRUE
"BHR",TRUE,TRUE
"BHS",FALSE,FALSE
"BIH",TRUE,TRUE
"BLM",FALSE,FALSE
"BLR",FALSE,FALSE
"BLZ",FALSE,FALSE
"BMU",FALSE,FALSE
"BOL",TRUE,TRUE
"BRA",TRUE,TRUE
"BRB",FALSE,FALSE
"BRN",FALSE,FALSE
"BTN",FALSE,FALSE
"BWA",TRUE,TRUE
"CAF",FALSE,FALSE
"CAN",TRUE,TRUE
"CHE",TRUE,TRUE
"CHL",TRUE,TRUE
"CHN",TRUE,TRUE
"CIV",TRUE,TRUE
"CMR",TRUE,TRUE
"COD",TRUE,TRUE
"COG",TRUE,TRUE
"COK",FALSE,FALSE
"COL",TRUE,TRUE
"COM",TRUE,TRUE
"CPV",FALSE,FALSE
"CRI",TRUE,TRUE
"CUB",FALSE,FALSE
"CUW",FALSE,FALSE
"CYM",FALSE,FALSE
"CYP",TRUE,TRUE
"CZE",TRUE,TRUE
"DEU",TRUE,TRUE
"DJI",FALSE,FALSE
"DMA",FALSE,FALSE
"DNK",TRUE,TRUE
"DOM",TRUE,TRUE
"DZA",TRUE,TRUE
"ECU",TRUE,TRUE
"EGY",TRUE,TRUE
"ERI",FALSE,FALSE
"ESH",FALSE,FALSE
"ESP",TRUE,TRUE
"EST",TRUE,TRUE
"ETH",TRUE,TRUE
"FIN",TRUE,TRUE
"FJI",FALSE,FALSE
"FLK",FALSE,FALSE
"FRA",TRUE,TRUE
"FRO",FALSE,FALSE
"FSM",FALSE,FALSE
"GAB",TRUE,TRUE
"GBR",TRUE,TRUE
"GEO",TRUE,TRUE
"GGY",FALSE,FALSE
"GHA",TRUE,TRUE
"GIN",TRUE,TRUE
"GMB",TRUE,TRUE
"GNB",FALSE,FALSE
"GNQ",FALSE,FALSE
"GRC",TRUE,TRUE
"GRD",FALSE,FALSE
"GRL",FALSE,FALSE
"GTM",TRUE,TRUE
"GUM",FALSE,FALSE
"GUY",FALSE,FALSE
"HKG",TRUE,TRUE
"HMD",FALSE,FALSE
"HND",TRUE,TRUE
"HRV",TRUE,TRUE
"HTI",FALSE,FALSE
"HUN",TRUE,TRUE
"IDN",TRUE,TRUE
"IMN",FALSE,FALSE
"IND",TRUE,TRUE
"IOT",FALSE,FALSE
"IRL",TRUE,TRUE
"IRN",TRUE,TRUE
"IRQ",TRUE,TRUE
"ISL",TRUE,TRUE
"ISR",TRUE,TRUE
"ITA",TRUE,TRUE
"JAM",TRUE,TRUE
"JEY",FALSE,FALSE
"JOR",TRUE,TRUE
"JPN",TRUE,TRUE
"KAZ",TRUE,TRUE
"KEN",TRUE,TRUE
"KGZ",TRUE,TRUE
"KHM",TRUE,TRUE
"KIR",FALSE,FALSE
"KNA",FALSE,FALSE
"KOR",TRUE,TRUE
"KWT",TRUE,TRUE
"LAO",TRUE,TRUE
"LBN",TRUE,TRUE
"LBR",TRUE,TRUE
"LBY",TRUE,TRUE
"LCA",FALSE,FALSE
"LIE",FALSE,FALSE
"LKA",TRUE,TRUE
"LSO",TRUE,TRUE
"LTU",TRUE,TRUE
"LUX",TRUE,TRUE
"LVA",TRUE,TRUE
"MAC",FALSE,FALSE
"MAF",FALSE,FALSE
"MAR",TRUE,TRUE
"MCO",FALSE,FALSE
"MDA",TRUE,TRUE
"MDG",TRUE,TRUE
"MDV",FALSE,FALSE
"MEX",TRUE,TRUE
"MHL",FALSE,FALSE
"MKD",TRUE,TRUE
"MLI",TRUE,TRUE
"MLT",TRUE,TRUE
"MMR",TRUE,TRUE
"MNE",TRUE,TRUE
"MNG",TRUE,TRUE
"MNP",FALSE,FALSE
"MOZ",TRUE,TRUE
"MRT",TRUE,TRUE
"MSR",FALSE,FALSE
"MUS",TRUE,TRUE
"MWI",TRUE,TRUE
"MYS",TRUE,TRUE
"NAM",TRUE,TRUE
"NCL",FALSE,FALSE
"NER",TRUE,TRUE
"NFK",FALSE,FALSE
"NGA",TRUE,TRUE
"NIC",TRUE,TRUE
"NIU",FALSE,FALSE
"NLD",TRUE,TRUE
"NOR",TRUE,TRUE
"NPL",TRUE,TRUE
"NRU",FALSE,FALSE
"NZL",TRUE,TRUE
"OMN",FALSE,FALSE
"PAK",TRUE,TRUE
"PAN",TRUE,TRUE
"PCN",FALSE,FALSE
"PER",TRUE,TRUE
"PHL",TRUE,TRUE
"PLW",FALSE,FALSE
"PNG",FALSE,FALSE
"POL",TRUE,TRUE
"PRI",FALSE,FALSE
"PRK",FALSE,FALSE
"PRT",TRUE,TRUE
"PRY",TRUE,TRUE
"PSE",TRUE,TRUE
"PYF",FALSE,FALSE
"QAT",FALSE,FALSE
"ROU",TRUE,TRUE
"RUS",TRUE,TRUE
"RWA",FALSE,FALSE
"SAU",TRUE,TRUE
"SDN",FALSE,FALSE
"SEN",TRUE,TRUE
"SGP",TRUE,TRUE
"SGS",FALSE,FALSE
"SHN",FALSE,FALSE
"SLB",FALSE,FALSE
"SLE",TRUE,TRUE
"SLV",TRUE,TRUE
"SMR",FALSE,FALSE
"SOM",FALSE,FALSE
"SPM",FALSE,FALSE
"SRB",TRUE,TRUE
"SSD",FALSE,FALSE
"STP",FALSE,FALSE
"SUR",FALSE,FALSE
"SVK",TRUE,TRUE
"SVN",TRUE,TRUE
"SWE",TRUE,TRUE
"SWZ",TRUE,TRUE
"SXM",FALSE,FALSE
"SYC",FALSE,FALSE
"SYR",FALSE,FALSE
"TCA",FALSE,FALSE
"TCD",TRUE,TRUE
"TGO",TRUE,TRUE
"THA",TRUE,TRUE
"TJK",TRUE,TRUE
"TKM",FALSE,FALSE
"TLS",FALSE,FALSE
"TON",FALSE,FALSE
"TTO",FALSE,FALSE
"TUN",TRUE,TRUE
"TUR",TRUE,TRUE
"TUV",FALSE,FALSE
"TWN",FALSE,FALSE
"TZA",TRUE,TRUE
"UGA",TRUE,TRUE
"UKR",TRUE,TRUE
"URY",TRUE,TRUE
"USA",TRUE,TRUE
"UZB",TRUE,TRUE
"VAT",FALSE,FALSE
"VCT",FALSE,FALSE
"VEN",TRUE,TRUE
"VGB",FALSE,FALSE
"VIR",FALSE,FALSE
"VNM",TRUE,TRUE
"VUT",FALSE,FALSE
"WLF",FALSE,FALSE
"WSM",FALSE,FALSE
"YEM",TRUE,FALSE
"ZAF",TRUE,TRUE
"ZMB",TRUE,TRUE
"ZWE",TRUE,TRUE
