"omitted_iso3","omitted_country","gdp_slope","doubling_gdp_association","rank_spearman","maximum_rank_shift"
"AFG","Afghanistan",0.648974431971156,0.449834797776299,0.998307493822571,6
"ALB","Albania",0.668516289672632,0.463380181344981,1,0
"ARE","United Arab Emirates",0.668480994576152,0.463355716648368,1,0
"ARG","Argentina",0.667680168850108,0.46280062655424,0.999982506396099,1
"ARM","Armenia",0.66823174294176,0.463182948580739,1,0
"AUS","Australia",0.667429727276038,0.462627033683279,0.999982506396099,1
"AUT","Austria",0.667891111042252,0.462946840539986,0.999986879797074,1
"AZE","Azerbaijan",0.668054308809819,0.463059960612449,0.99999125319805,1
"BEL","Belgium",0.667860959405048,0.462925941017669,0.999986879797074,1
"BEN","Benin",0.668165062146648,0.46313672897561,1,0
"BFA","Burkina Faso",0.671843381386995,0.465686345586256,0.999855677767816,2
"BGD","Bangladesh",0.664756350395321,0.460773990035836,0.99983381076294,3
"BGR","Bulgaria",0.669569712557712,0.464110358447711,0.999943145787322,2
"BHR","Bahrain",0.670340768054489,0.464644813391357,0.99991690538147,2
"BIH","Bosnia and Herzegovina",0.668100907117514,0.463092260098047,0.999995626599025,1
"BOL","Bolivia",0.669534378294075,0.464085866602494,0.999951892589272,2
"BRA","Brazil",0.667650530655829,0.462780082923439,0.999982506396099,1
"BWA","Botswana",0.668323242804861,0.463246371452869,1,0
"CAN","Canada",0.667788107620852,0.462875444008855,0.999982506396099,1
"CHE","Switzerland",0.670131225510629,0.464499569567873,0.99991690538147,2
"CHL","Chile",0.667382743434137,0.462594466965733,0.999978132995124,1
"CHN","China",0.668032902113384,0.46304512262117,0.999986879797074,1
"CIV","Côte d’Ivoire",0.669270398084924,0.463902889464797,0.999956265990248,2
"CMR","Cameroon",0.670027839752375,0.46442790802103,0.99991690538147,2
"COD","DR Congo",0.663105558848177,0.459629748529241,0.999811943758064,3
"COG","Congo",0.669986628424193,0.464399342505093,0.99991690538147,2
"COL","Colombia",0.668285594917298,0.463220275925751,1,0
"COM","Comoros",0.663213405688705,0.459704502262685,0.999811943758064,3
"CRI","Costa Rica",0.665743201889541,0.461458023366685,0.99990815857952,2
"CYP","Cyprus",0.670921320333535,0.465047221566746,0.999886291574643,2
"CZE","Czechia",0.666497057255623,0.461980556088236,0.999947519188297,2
"DEU","Germany",0.669022195331844,0.463730848426292,0.999973759594149,1
"DNK","Denmark",0.663627766004411,0.459991714947252,0.999820690560014,3
"DOM","Dominican Republic",0.668120445587973,0.463105803133758,1,0
"DZA","Algeria",0.668307745674222,0.46323562966046,1,0
"ECU","Ecuador",0.668347556065674,0.463263224121052,1,0
"EGY","Egypt",0.665399918397815,0.461220077382263,0.999864424569767,3
"ESP","Spain",0.668658286332557,0.463478605929456,0.99999125319805,1
"EST","Estonia",0.668177458297365,0.463145321332529,1,0
"ETH","Ethiopia",0.66586339224216,0.461541332970734,0.99990815857952,2
"FIN","Finland",0.661977738660771,0.458848003146161,0.999737595941484,3
"FRA","France",0.668777877109524,0.463561499939332,0.999973759594149,1
"GAB","Gabon",0.668228088344022,0.463180415406621,1,0
"GBR","United Kingdom",0.66838295374513,0.463287759922765,1,0
"GEO","Georgia",0.668306911910185,0.463235051739268,1,0
"GHA","Ghana",0.666364790873146,0.461888876018139,0.999947519188297,2
"GIN","Guinea",0.671356356087966,0.465348765373372,0.999881918173668,2
"GMB","Gambia",0.671289101664942,0.465302148159673,0.999881918173668,2
"GRC","Greece",0.669489559849846,0.464054800824239,0.999951892589272,2
"GTM","Guatemala",0.669173131975766,0.46383546973547,0.999973759594149,1
"HKG","Hong Kong SAR of China",0.677837288409072,0.469841005339147,0.999431457873215,4
"HND","Honduras",0.671286854648175,0.465300590646336,0.999881918173668,2
"HRV","Croatia",0.669276394483228,0.463907045851375,0.999956265990248,2
"HUN","Hungary",0.669005743608599,0.46371944496071,0.999973759594149,1
"IDN","Indonesia",0.668757993536946,0.46354771769706,0.999973759594149,1
"IND","India",0.665404211212279,0.461223052934506,0.999864424569767,3
"IRL","Ireland",0.672348144341229,0.466036220604834,0.999825063960989,2
"IRN","Iran",0.667740974379115,0.462842773735234,0.999982506396099,1
"IRQ","Iraq",0.668042290611457,0.463051630232139,0.99999125319805,1
"ISL","Iceland",0.664748070346491,0.460768250743334,0.99983381076294,3
"ISR","Israel",0.664630346825871,0.460686651016931,0.99983381076294,3
"ITA","Italy",0.669860316924535,0.464311790045233,0.999930025584396,2
"JAM","Jamaica",0.668234998702457,0.463185205302087,1,0
"JOR","Jordan",0.666590306612162,0.46204519161681,0.999947519188297,2
"JPN","Japan",0.670755865930727,0.464932537313928,0.999895038376594,2
"KAZ","Kazakhstan",0.667647559918181,0.462778023765014,0.999982506396099,1
"KEN","Kenya",0.667558699223788,0.462716430225233,0.999982506396099,1
"KGZ","Kyrgyzstan",0.672849477901341,0.466383718548546,0.999807570357088,2
"KHM","Cambodia",0.666552025148176,0.46201865692798,0.999947519188297,2
"KOR","Republic of Korea",0.670834646216598,0.464987143646964,0.999895038376594,2
"KWT","Kuwait",0.665988317396452,0.461627924489213,0.99991690538147,2
"LAO","Lao PDR",0.670452566966742,0.464722306492175,0.999912531980495,2
"LBN","Lebanon",0.661918080539146,0.45880665128736,0.999724475738558,3
"LBR","Liberia",0.670248102986347,0.464580582860638,0.99991690538147,2
"LBY","Libya",0.668637368708702,0.463464106937457,0.99999125319805,1
"LKA","Sri Lanka",0.665395038026285,0.461216694566497,0.999864424569767,3
"LSO","Lesotho",0.661354241392217,0.458415827772377,0.99966762152588,3
"LTU","Lithuania",0.66629181725839,0.461838294562815,0.999938772386346,2
"LUX","Luxembourg",0.671337298886013,0.465335555927569,0.999881918173668,2
"LVA","Latvia",0.668267131466769,0.463207478037073,1,0
"MAR","Morocco",0.667573566757816,0.462726735614526,0.999982506396099,1
"MDA","Republic of Moldova",0.668371415053964,0.463279761911516,1,0
"MDG","Madagascar",0.673094339034074,0.466553443352328,0.999781329951237,3
"MEX","Mexico",0.666676994641531,0.462105279179955,0.999947519188297,2
"MKD","North Macedonia",0.668306615270798,0.463234846124514,1,0
"MLI","Mali",0.668501750071736,0.463370103261613,1,0
"MLT","Malta",0.669935084377607,0.464363614894527,0.99991690538147,2
"MMR","Myanmar",0.668538730183073,0.463395735921523,1,0
"MNE","Montenegro",0.668418469384284,0.463312377487911,1,0
"MNG","Mongolia",0.668549749219926,0.46340337373585,1,0
"MOZ","Mozambique",0.680364896134155,0.47159300950735,0.999208414423477,5
"MRT","Mauritania",0.667486713214432,0.462666533325808,0.999982506396099,1
"MUS","Mauritius",0.668164399974199,0.463136269992644,1,0
"MWI","Malawi",0.664369966408129,0.4605061690645,0.99983381076294,3
"MYS","Malaysia",0.667958534620046,0.462993575002838,0.999986879797074,1
"NAM","Namibia",0.667601136511816,0.46274584551178,0.999982506396099,1
"NER","Niger",0.674169572022658,0.46729873806681,0.999698235332707,3
"NGA","Nigeria",0.669145634586266,0.463816409997465,0.999973759594149,1
"NIC","Nicaragua",0.673760503060176,0.467015193068811,0.999720102337583,3
"NLD","Netherlands",0.665386375069684,0.461210689862554,0.999864424569767,3
"NOR","Norway",0.667120643827127,0.462412793362109,0.999978132995124,1
"NPL","Nepal",0.672872546362379,0.466399708387274,0.999807570357088,2
"NZL","New Zealand",0.66651569506518,0.461993474833382,0.999947519188297,2
"PAK","Pakistan",0.669955251367234,0.464377593586528,0.99991690538147,2
"PAN","Panama",0.667485857671576,0.46266594030869,0.999982506396099,1
"PER","Peru",0.66818279516337,0.463149020566153,1,0
"PHL","Philippines",0.670631004540282,0.46484598999318,0.999899411777569,2
"POL","Poland",0.667444915328688,0.462637561239151,0.999982506396099,1
"PRT","Portugal",0.66976060996474,0.464242678447169,0.999934398985371,2
"PRY","Paraguay",0.66861566222036,0.463449061146263,0.99999125319805,1
"PSE","State of Palestine",0.667840828385129,0.462911987257971,0.999986879797074,1
"ROU","Romania",0.667054954860082,0.462367261239807,0.999978132995124,1
"RUS","Russian Federation",0.66849873562311,0.463368013805047,1,0
"SAU","Saudi Arabia",0.668027471068447,0.463041358107684,0.999986879797074,1
"SEN","Senegal",0.670589435687007,0.464817176659733,0.999899411777569,2
"SGP","Singapore",0.673470872905092,0.46681443674341,0.999746342743435,3
"SLE","Sierra Leone",0.662243355905658,0.459032114990563,0.999741969342459,3
"SLV","El Salvador",0.669731972312404,0.464222828339194,0.999934398985371,2
"SRB","Serbia",0.667290506762937,0.462530533377147,0.999978132995124,1
"SVK","Slovakia",0.66839528757389,0.463296309081396,1,0
"SVN","Slovenia",0.66695223925123,0.462296064205132,0.999973759594149,1
"SWE","Sweden",0.664750176201969,0.460769710411122,0.99983381076294,3
"SWZ","Eswatini",0.664374410343791,0.460509249365975,0.99983381076294,3
"TCD","Chad",0.670721515678421,0.464908727533391,0.999895038376594,2
"TGO","Togo",0.667814786156213,0.462893936160422,0.999982506396099,1
"THA","Thailand",0.668323876521413,0.463246810711711,1,0
"TJK","Tajikistan",0.674820504548956,0.467749930112148,0.99966762152588,3
"TUN","Tunisia",0.6666904997062,0.462114640177453,0.999947519188297,2
"TUR","Türkiye",0.669960088779278,0.464380946625047,0.99991690538147,2
"TZA","Tanzania",0.664894858925223,0.460869996832821,0.999860051168792,3
"UGA","Uganda",0.669693518754043,0.464196174363634,0.999934398985371,2
"UKR","Ukraine",0.667674186051501,0.462796479594254,0.999982506396099,1
"URY","Uruguay",0.666895377089021,0.462256650357717,0.999969386193173,1
"USA","United States",0.671435153148755,0.465403383333895,0.999881918173668,2
"UZB","Uzbekistan",0.672411144530793,0.466079889008605,0.999820690560014,2
"VEN","Venezuela",0.669739566264978,0.46422809206601,0.999934398985371,2
"VNM","Viet Nam",0.670011254219979,0.464416411806012,0.99991690538147,2
"ZAF","South Africa",0.668259499278606,0.463202187807366,1,0
"ZMB","Zambia",0.662999516397942,0.459556245503841,0.999790076753187,3
"ZWE","Zimbabwe",0.662346914540107,0.459103896366054,0.99975071614441,3
