"iso3","country","life_sat","gdp_pc","life_exp","urban_pct","health_exp","educ_exp","income_predicted","income_residual","loo_residual","residual_rank","loo_residual_rank","band"
"NIC","Nicaragua",6.284,2609.44491147975,74.947,59.1250953674316,688.670661909422,2.86954998970032,4.80343584211214,1.48056415788785,1.49727135952796,1,1,"At least 1 point above income prediction"
"MOZ","Mozambique",5.216,622.191133245967,63.611,35.7149783148407,142.624131867611,,3.84545932740751,1.37054067259249,1.41121295416535,2,2,"At least 1 point above income prediction"
"UZB","Uzbekistan",6.195,3015.97705069457,72.388,50.9964841114568,748.957358440758,5.47287597270024,4.90018353690781,1.29481646309219,1.3081025177206,3,3,"At least 1 point above income prediction"
"SLV","El Salvador",6.469,5319.7195268688,72.099,74.6080675149903,1175.52067026246,3.18734002113342,5.27939064377916,1.18960935622083,1.19873629711496,4,4,"At least 1 point above income prediction"
"KGZ","Kyrgyzstan",5.714,2138.22210211478,72.2487804878049,34.706439175362,348.625883638341,6.82694680798777,4.6703532083831,1.04364679161689,1.05714734980993,5,5,"At least 1 point above income prediction"
"HND","Honduras",5.968,3227.45762509776,72.884,58.3132392705102,553.468796775363,4.54962037172702,4.9454687253421,1.02253127465789,1.0325857322299,6,6,"At least 1 point above income prediction"
"TJK","Tajikistan",5.281,1178.47990060249,71.79,26.1890127571429,364.084279440098,5.43682120015444,4.27226745183498,1.00873254816501,1.02849421096397,7,7,"At least 1 point above income prediction"
"EGY","Egypt",3.977,3456.78965212363,71.633,42.7098115041919,904.665053940783,,4.99133841355455,-1.01433841355456,-1.0239060183624,132,132,"At least 1 point below income prediction"
"JOR","Jordan",4.186,4906.23543006639,77.814,92.682236868336,797.845877689424,3.51486315596325,5.22532331899747,-1.03932331899747,-1.047537736691,133,133,"At least 1 point below income prediction"
"LKA","Sri Lanka",3.898,3815.41531767474,77.483,20.1455348442463,507.058585747743,1.82774571561927,5.05729691459164,-1.15929691459164,-1.16963144785287,134,134,"At least 1 point below income prediction"
"ZWE","Zimbabwe",3.341,2195.22502010174,62.775,39.2919370795795,103.108567490014,0.384771297211919,4.68793372890137,-1.34693372890138,-1.36404180231456,135,135,"At least 1 point below income prediction"
"HKG","Hong Kong SAR of China",5.316,50525.1119312663,85.2473170731707,100,,3.80328011512756,6.78356513147532,-1.46756513147532,-1.49635304616695,136,136,"At least 1 point below income prediction"
"SWZ","Eswatini",3.502,3755.52111232464,64.123,25.8081878500755,922.026572433391,5.00431592836751,5.04672417926877,-1.54472417926877,-1.55861571554567,137,137,"At least 1 point below income prediction"
"AFG","Afghanistan",1.721,413.757894705303,66.035,25.4730529631167,329.823207832857,,3.57285206948318,-1.85185206948325,-1.9218415698345,138,138,"At least 1 point below income prediction"
"BWA","Botswana",3.383,7827.30027960734,69.163,67.0212655349864,1309.50101290892,,5.53745146753154,-2.15445146753155,-2.16995285183028,139,139,"At least 1 point below income prediction"
"LBN","Lebanon",2.707,3477.72489842684,77.817,90.4524074197598,643.849749450606,1.50416361108086,4.99537306872324,-2.28837306872324,-2.30988083551392,140,140,"At least 1 point below income prediction"
