"year","variable","n","available","missing_pct"
2016,"life_sat",152,152,0
2016,"gdp_pc",152,151,0.657894736842105
2016,"life_exp",152,152,0
2016,"health_exp",152,149,1.97368421052632
2016,"educ_exp",152,126,17.1052631578947
2016,"urban_pct",152,152,0
2017,"life_sat",153,153,0
2017,"gdp_pc",153,152,0.65359477124183
2017,"life_exp",153,153,0
2017,"health_exp",153,151,1.30718954248366
2017,"educ_exp",153,133,13.0718954248366
2017,"urban_pct",153,153,0
2018,"life_sat",153,153,0
2018,"gdp_pc",153,152,0.65359477124183
2018,"life_exp",153,153,0
2018,"health_exp",153,151,1.30718954248366
2018,"educ_exp",153,128,16.3398692810458
2018,"urban_pct",153,153,0
2019,"life_sat",150,150,0
2019,"gdp_pc",150,148,1.33333333333333
2019,"life_exp",150,150,0
2019,"health_exp",150,149,0.666666666666667
2019,"educ_exp",150,129,14
2019,"urban_pct",150,150,0
2020,"life_sat",146,146,0
2020,"gdp_pc",146,145,0.684931506849315
2020,"life_exp",146,146,0
2020,"health_exp",146,145,0.684931506849315
2020,"educ_exp",146,127,13.013698630137
2020,"urban_pct",146,146,0
2021,"life_sat",143,143,0
2021,"gdp_pc",143,142,0.699300699300699
2021,"life_exp",143,143,0
2021,"health_exp",143,142,0.699300699300699
2021,"educ_exp",143,123,13.986013986014
2021,"urban_pct",143,143,0
2022,"life_sat",135,135,0
2022,"gdp_pc",135,135,0
2022,"life_exp",135,135,0
2022,"health_exp",135,133,1.48148148148148
2022,"educ_exp",135,114,15.5555555555556
2022,"urban_pct",135,135,0
2023,"life_sat",141,141,0
2023,"gdp_pc",141,140,0.709219858156028
2023,"life_exp",141,141,0
2023,"health_exp",141,139,1.41843971631206
2023,"educ_exp",141,78,44.6808510638298
2023,"urban_pct",141,141,0
