"model","term","estimate","std_estimate","ordinary_se","ordinary_ci_low","ordinary_ci_high","ordinary_p","hc3_se","hc3_ci_low","hc3_ci_high","hc3_p","df_residual"
"baseline_2023","(Intercept)",-0.453302119170281,,0.344579913459628,-1.13464120256558,0.228036964225019,0.190516284125675,0.371661443073421,-1.18818960699446,0.281585368653899,0.224672635812846,138
"baseline_2023","log_gdp",0.66821019363746,0.831465004691477,0.0380079054732792,0.593057027520093,0.743363359754827,4.83856961258646e-37,0.0384642710793023,0.592154654190844,0.744265733084076,1.51009272135163e-36,138
"main_2023","(Intercept)",-0.262888133436171,,0.677441947711335,-1.60257075762579,1.07679449075345,0.698578364593121,0.690120674012224,-1.62764370945515,1.10186744258281,0.703849080718987,136
"main_2023","log_gdp",0.666507062890177,0.829345770911054,0.0894256833852317,0.489662339010566,0.843351786769789,9.57674133617478e-12,0.133634504231476,0.402236708927113,0.930777416853242,1.83347387211944e-06,136
"main_2023","life_exp",-0.00383580654519984,-0.0239377176761044,0.0161643271139692,-0.0358017458252532,0.0281301327348536,0.81278059527764,0.0213342531297018,-0.0460255887316777,0.038353975641278,0.857580587403547,136
"main_2023","urban_pct",0.00170235488713411,0.0309230303353412,0.00397621466198961,-0.00616085126759504,0.00956556104186327,0.669230405287751,0.0051783174217717,-0.00853808253473334,0.0119427923090016,0.742852802840796,136
"health_baseline_2023","(Intercept)",-0.521178603349385,,0.341824007930506,-1.19715635391892,0.15479914722015,0.12965636743521,0.366702540725219,-1.24635516455208,0.203997957853311,0.157530968444271,136
"health_baseline_2023","log_gdp",0.677303478669483,0.838468759059293,0.037747079713689,0.602656334398049,0.751950622940918,1.13249210748668e-37,0.0375877282514427,0.602971461599475,0.751635495739492,7.54424293931531e-38,136
"health_main_2023","(Intercept)",-0.396373920279754,,0.670531764262343,-1.72256891525341,0.929821074693906,0.555426670269542,0.684065655275472,-1.74933659350632,0.956588752946816,0.563266261244922,134
"health_main_2023","log_gdp",0.652230011693383,0.807429026645599,0.0884649638009307,0.477261727599658,0.827198295787108,1.55620505359071e-11,0.136202819394717,0.382844567170424,0.921615456216342,4.38211229834582e-06,134
"health_main_2023","life_exp",-0.000970919439887601,-0.00601305733864698,0.0159824723027326,-0.032581464838146,0.0306396259583708,0.951649607204764,0.0215154136031017,-0.04352465866,0.0415828197802248,0.964073506130275,134
"health_main_2023","urban_pct",0.00270055998149601,0.0485744562601616,0.00394447409480932,-0.00510092248532523,0.0105020424483172,0.494751156006958,0.00524510305570474,-0.00767333994589827,0.0130744599088903,0.607490277063001,134
"health_expanded_2023","(Intercept)",-0.586047104969346,,0.733513082263287,-2.0369075684464,0.864813358507703,0.425738480784896,0.814662601226453,-2.19741817356138,1.02532396362269,0.473172632427907,133
"health_expanded_2023","log_gdp",0.727820664207571,0.901006577339063,0.146944258728593,0.437170612450575,1.01847071596457,2.17785782757641e-06,0.239401201312593,0.254294361416045,1.2013469669991,0.00284812873421068,133
"health_expanded_2023","life_exp",0.00117509467902167,0.00727754682109803,0.0163592622053911,-0.0311828922736048,0.0335330816316481,0.942844670462979,0.0214421501990172,-0.0412366478351004,0.0435868371931438,0.956377628509585,133
"health_expanded_2023","urban_pct",0.00257664979812725,0.0463457074734379,0.0039577607307863,-0.00525164762021216,0.0104049472164667,0.516145652941,0.00529425201616069,-0.00789517561258041,0.0130484752088349,0.627280392499601,133
"health_expanded_2023","log_health",-0.0909911497149431,-0.108152382260335,0.141059689121673,-0.370001750733152,0.188019451303266,0.520003199913206,0.199644351012554,-0.485879942627677,0.303897643197791,0.649301364972826,133
"education_base_2022","(Intercept)",-0.0183804449621505,,0.649332855159912,-1.30520575386595,1.26844486394165,0.97746886014518,0.582634816661731,-1.17302589678393,1.13626500685963,0.974890391386073,110
"education_base_2022","log_gdp",0.799138300438983,1.05095354631715,0.0879983707734568,0.624746184355935,0.973530416522032,4.96505122197251e-15,0.146904620998298,0.508007822759742,1.09026877811822,3.2582875624882e-07,110
"education_base_2022","life_exp",-0.013407460154363,-0.0883151107144986,0.0152140461895924,-0.0435581286936556,0.0167432083849296,0.38010111099023,0.0200528511487424,-0.053147504368709,0.026332584059983,0.505147402456738,110
"education_base_2022","urban_pct",-0.00823070762172646,-0.158186258394954,0.0041017920339915,-0.0163594966692179,-0.000101918574234982,0.0472442013214527,0.00615829233141721,-0.0204349975613511,0.00397358231789819,0.18413589224084,110
"education_expanded_2022","(Intercept)",-0.0933812484725875,,0.61962142853581,-1.32145077577464,1.13468827882947,0.88048544544711,0.617859989633775,-1.31795966113565,1.13119716419048,0.880147330911023,109
"education_expanded_2022","log_gdp",0.738520073076917,0.971234002174881,0.0857327827399852,0.568600484881625,0.908439661272209,6.06212356983285e-14,0.132541767061933,0.475826599727941,1.00121354642589,1.8381481308704e-07,109
"education_expanded_2022","life_exp",-0.0128512057421577,-0.0846510558201532,0.0145098892750623,-0.0416093345650072,0.0159069230806918,0.37773652481985,0.0200071698535945,-0.0525047659536178,0.0268023544693023,0.5220076436273,109
"education_expanded_2022","urban_pct",-0.00714222967602179,-0.137266762588549,0.00392435880558049,-0.0149201812467434,0.00063572189469983,0.0715072732635178,0.00538791570118859,-0.0178209034332183,0.00353644408117475,0.187743282397325,109
"education_expanded_2022","educ_exp",0.123471874553014,0.173166032000264,0.0357171296935212,0.052681684673753,0.194262064432274,0.000780043008834367,0.054515810682375,0.0154233101039174,0.23152043900211,0.0254972949702819,109
