"model","variable","vif"
"baseline_2023","log_gdp",1
"main_2023","log_gdp",5.4645777437058
"main_2023","life_exp",4.49094428524622
"main_2023","urban_pct",2.30236328327185
"health_baseline_2023","log_gdp",1
"health_main_2023","log_gdp",5.43074105894485
"health_main_2023","life_exp",4.43630653161782
"health_main_2023","urban_pct",2.27927005728427
"health_expanded_2023","log_gdp",14.9185000082558
"health_expanded_2023","life_exp",4.62769234471149
"health_expanded_2023","urban_pct",2.28465204291976
"health_expanded_2023","log_health",12.6733805207265
"education_base_2022","log_gdp",5.55755398226078
"education_base_2022","life_exp",4.16752049622972
"education_base_2022","urban_pct",2.5788240451947
"education_expanded_2022","log_gdp",5.80019967508665
"education_expanded_2022","life_exp",4.16803308243767
"education_expanded_2022","urban_pct",2.59553285054068
"education_expanded_2022","educ_exp",1.14490218518356
