"iso3","country","year","life_exp","life_exp_change","educ_exp"
"AFG","Afghanistan",2022,65.617,5.2,NA
"BOL","Bolivia",2022,67.434,6.007,7.57551002502441
"BWA","Botswana",2022,68.749,5.446,NA
"CAF","Central African Republic",2017,45.231,-5.768,1.75365013911465
"CAF","Central African Republic",2018,52.297,7.066,1.56587596817535
"CAF","Central African Republic",2019,31.53,-20.767,1.76792074637361
"ECU","Ecuador",2020,72.004,-5.282,4.26103019714355
"PER","Peru",2022,76.834,5.238,3.83975005149841
"PSE","State of Palestine",2023,65.17,-11.492,NA
"SOM","Somalia",2018,54.767,2.57700000000001,4.00990834307e-06
"SSD","South Sudan",2016,36.72,NA,1.56539228959694
"SSD","South Sudan",2017,35.351,-1.369,NA
"SSD","South Sudan",2018,51.905,16.554,NA
"SSD","South Sudan",2019,58.129,6.224,NA
