"iso3","year","country_wb"
"ASM",2016,"American Samoa"
"ASM",2017,"American Samoa"
"ASM",2018,"American Samoa"
"ASM",2019,"American Samoa"
"ASM",2020,"American Samoa"
"ASM",2021,"American Samoa"
"ASM",2022,"American Samoa"
"ASM",2023,"American Samoa"
"AND",2016,"Andorra"
"AND",2017,"Andorra"
"AND",2018,"Andorra"
"AND",2019,"Andorra"
"AND",2020,"Andorra"
"AND",2021,"Andorra"
"AND",2022,"Andorra"
"AND",2023,"Andorra"
"AGO",2018,"Angola"
"AGO",2019,"Angola"
"AGO",2020,"Angola"
"AGO",2021,"Angola"
"AGO",2022,"Angola"
"AGO",2023,"Angola"
"ATG",2016,"Antigua and Barbuda"
"ATG",2017,"Antigua and Barbuda"
"ATG",2018,"Antigua and Barbuda"
"ATG",2019,"Antigua and Barbuda"
"ATG",2020,"Antigua and Barbuda"
"ATG",2021,"Antigua and Barbuda"
"ATG",2022,"Antigua and Barbuda"
"ATG",2023,"Antigua and Barbuda"
"ABW",2016,"Aruba"
"ABW",2017,"Aruba"
"ABW",2018,"Aruba"
"ABW",2019,"Aruba"
"ABW",2020,"Aruba"
"ABW",2021,"Aruba"
"ABW",2022,"Aruba"
"ABW",2023,"Aruba"
"AZE",2022,"Azerbaijan"
"BHS",2016,"Bahamas, The"
"BHS",2017,"Bahamas, The"
"BHS",2018,"Bahamas, The"
"BHS",2019,"Bahamas, The"
"BHS",2020,"Bahamas, The"
"BHS",2021,"Bahamas, The"
"BHS",2022,"Bahamas, The"
"BHS",2023,"Bahamas, The"
"BRB",2016,"Barbados"
"BRB",2017,"Barbados"
"BRB",2018,"Barbados"
"BRB",2019,"Barbados"
"BRB",2020,"Barbados"
"BRB",2021,"Barbados"
"BRB",2022,"Barbados"
"BRB",2023,"Barbados"
"BLR",2022,"Belarus"
"BLR",2023,"Belarus"
"BLZ",2018,"Belize"
"BLZ",2019,"Belize"
"BLZ",2020,"Belize"
"BLZ",2021,"Belize"
"BLZ",2022,"Belize"
"BLZ",2023,"Belize"
"BMU",2016,"Bermuda"
"BMU",2017,"Bermuda"
"BMU",2018,"Bermuda"
"BMU",2019,"Bermuda"
"BMU",2020,"Bermuda"
"BMU",2021,"Bermuda"
"BMU",2022,"Bermuda"
"BMU",2023,"Bermuda"
"BTN",2019,"Bhutan"
"BTN",2020,"Bhutan"
"BTN",2021,"Bhutan"
"BTN",2022,"Bhutan"
"BTN",2023,"Bhutan"
"VGB",2016,"British Virgin Islands"
"VGB",2017,"British Virgin Islands"
"VGB",2018,"British Virgin Islands"
"VGB",2019,"British Virgin Islands"
"VGB",2020,"British Virgin Islands"
"VGB",2021,"British Virgin Islands"
"VGB",2022,"British Virgin Islands"
"VGB",2023,"British Virgin Islands"
"BRN",2016,"Brunei Darussalam"
"BRN",2017,"Brunei Darussalam"
"BRN",2018,"Brunei Darussalam"
"BRN",2019,"Brunei Darussalam"
"BRN",2020,"Brunei Darussalam"
"BRN",2021,"Brunei Darussalam"
"BRN",2022,"Brunei Darussalam"
"BRN",2023,"Brunei Darussalam"
"BDI",2021,"Burundi"
"BDI",2022,"Burundi"
"BDI",2023,"Burundi"
"CPV",2016,"Cabo Verde"
"CPV",2017,"Cabo Verde"
"CPV",2018,"Cabo Verde"
"CPV",2019,"Cabo Verde"
"CPV",2020,"Cabo Verde"
"CPV",2021,"Cabo Verde"
"CPV",2022,"Cabo Verde"
"CPV",2023,"Cabo Verde"
"CYM",2016,"Cayman Islands"
"CYM",2017,"Cayman Islands"
"CYM",2018,"Cayman Islands"
"CYM",2019,"Cayman Islands"
"CYM",2020,"Cayman Islands"
"CYM",2021,"Cayman Islands"
"CYM",2022,"Cayman Islands"
"CYM",2023,"Cayman Islands"
"CAF",2020,"Central African Republic"
"CAF",2021,"Central African Republic"
"CAF",2022,"Central African Republic"
"CAF",2023,"Central African Republic"
"COM",2016,"Comoros"
"COM",2017,"Comoros"
"COD",2020,"Congo, Dem. Rep."
"COD",2021,"Congo, Dem. Rep."
"CUB",2016,"Cuba"
"CUB",2017,"Cuba"
"CUB",2018,"Cuba"
"CUB",2019,"Cuba"
"CUB",2020,"Cuba"
"CUB",2021,"Cuba"
"CUB",2022,"Cuba"
"CUB",2023,"Cuba"
"CUW",2016,"Curacao"
"CUW",2017,"Curacao"
"CUW",2018,"Curacao"
"CUW",2019,"Curacao"
"CUW",2020,"Curacao"
"CUW",2021,"Curacao"
"CUW",2022,"Curacao"
"CUW",2023,"Curacao"
"DJI",2016,"Djibouti"
"DJI",2017,"Djibouti"
"DJI",2018,"Djibouti"
"DJI",2019,"Djibouti"
"DJI",2020,"Djibouti"
"DJI",2021,"Djibouti"
"DJI",2022,"Djibouti"
"DJI",2023,"Djibouti"
"DMA",2016,"Dominica"
"DMA",2017,"Dominica"
"DMA",2018,"Dominica"
"DMA",2019,"Dominica"
"DMA",2020,"Dominica"
"DMA",2021,"Dominica"
"DMA",2022,"Dominica"
"DMA",2023,"Dominica"
"GNQ",2016,"Equatorial Guinea"
"GNQ",2017,"Equatorial Guinea"
"GNQ",2018,"Equatorial Guinea"
"GNQ",2019,"Equatorial Guinea"
"GNQ",2020,"Equatorial Guinea"
"GNQ",2021,"Equatorial Guinea"
"GNQ",2022,"Equatorial Guinea"
"GNQ",2023,"Equatorial Guinea"
"ERI",2016,"Eritrea"
"ERI",2017,"Eritrea"
"ERI",2018,"Eritrea"
"ERI",2019,"Eritrea"
"ERI",2020,"Eritrea"
"ERI",2021,"Eritrea"
"ERI",2022,"Eritrea"
"ERI",2023,"Eritrea"
"SWZ",2016,"Eswatini"
"SWZ",2017,"Eswatini"
"SWZ",2022,"Eswatini"
"FRO",2016,"Faroe Islands"
"FRO",2017,"Faroe Islands"
"FRO",2018,"Faroe Islands"
"FRO",2019,"Faroe Islands"
"FRO",2020,"Faroe Islands"
"FRO",2021,"Faroe Islands"
"FRO",2022,"Faroe Islands"
"FRO",2023,"Faroe Islands"
"FJI",2016,"Fiji"
"FJI",2017,"Fiji"
"FJI",2018,"Fiji"
"FJI",2019,"Fiji"
"FJI",2020,"Fiji"
"FJI",2021,"Fiji"
"FJI",2022,"Fiji"
"FJI",2023,"Fiji"
"PYF",2016,"French Polynesia"
"PYF",2017,"French Polynesia"
"PYF",2018,"French Polynesia"
"PYF",2019,"French Polynesia"
"PYF",2020,"French Polynesia"
"PYF",2021,"French Polynesia"
"PYF",2022,"French Polynesia"
"PYF",2023,"French Polynesia"
"GMB",2016,"Gambia, The"
"GMB",2017,"Gambia, The"
"GIB",2016,"Gibraltar"
"GIB",2017,"Gibraltar"
"GIB",2018,"Gibraltar"
"GIB",2019,"Gibraltar"
"GIB",2020,"Gibraltar"
"GIB",2021,"Gibraltar"
"GIB",2022,"Gibraltar"
"GIB",2023,"Gibraltar"
"GRL",2016,"Greenland"
"GRL",2017,"Greenland"
"GRL",2018,"Greenland"
"GRL",2019,"Greenland"
"GRL",2020,"Greenland"
"GRL",2021,"Greenland"
"GRL",2022,"Greenland"
"GRL",2023,"Greenland"
"GRD",2016,"Grenada"
"GRD",2017,"Grenada"
"GRD",2018,"Grenada"
"GRD",2019,"Grenada"
"GRD",2020,"Grenada"
"GRD",2021,"Grenada"
"GRD",2022,"Grenada"
"GRD",2023,"Grenada"
"GUM",2016,"Guam"
"GUM",2017,"Guam"
"GUM",2018,"Guam"
"GUM",2019,"Guam"
"GUM",2020,"Guam"
"GUM",2021,"Guam"
"GUM",2022,"Guam"
"GUM",2023,"Guam"
"GNB",2016,"Guinea-Bissau"
"GNB",2017,"Guinea-Bissau"
"GNB",2018,"Guinea-Bissau"
"GNB",2019,"Guinea-Bissau"
"GNB",2020,"Guinea-Bissau"
"GNB",2021,"Guinea-Bissau"
"GNB",2022,"Guinea-Bissau"
"GNB",2023,"Guinea-Bissau"
"GUY",2016,"Guyana"
"GUY",2017,"Guyana"
"GUY",2018,"Guyana"
"GUY",2019,"Guyana"
"GUY",2020,"Guyana"
"GUY",2021,"Guyana"
"GUY",2022,"Guyana"
"GUY",2023,"Guyana"
"HTI",2021,"Haiti"
"HTI",2022,"Haiti"
"HTI",2023,"Haiti"
"IMN",2016,"Isle of Man"
"IMN",2017,"Isle of Man"
"IMN",2018,"Isle of Man"
"IMN",2019,"Isle of Man"
"IMN",2020,"Isle of Man"
"IMN",2021,"Isle of Man"
"IMN",2022,"Isle of Man"
"IMN",2023,"Isle of Man"
"KIR",2016,"Kiribati"
"KIR",2017,"Kiribati"
"KIR",2018,"Kiribati"
"KIR",2019,"Kiribati"
"KIR",2020,"Kiribati"
"KIR",2021,"Kiribati"
"KIR",2022,"Kiribati"
"KIR",2023,"Kiribati"
"PRK",2016,"Korea, Dem. People's Rep."
"PRK",2017,"Korea, Dem. People's Rep."
"PRK",2018,"Korea, Dem. People's Rep."
"PRK",2019,"Korea, Dem. People's Rep."
"PRK",2020,"Korea, Dem. People's Rep."
"PRK",2021,"Korea, Dem. People's Rep."
"PRK",2022,"Korea, Dem. People's Rep."
"PRK",2023,"Korea, Dem. People's Rep."
"KWT",2022,"Kuwait"
"LAO",2016,"Lao PDR"
"LSO",2022,"Lesotho"
"LBY",2022,"Libya"
"LIE",2016,"Liechtenstein"
"LIE",2017,"Liechtenstein"
"LIE",2018,"Liechtenstein"
"LIE",2019,"Liechtenstein"
"LIE",2020,"Liechtenstein"
"LIE",2021,"Liechtenstein"
"LIE",2022,"Liechtenstein"
"LIE",2023,"Liechtenstein"
"MAC",2016,"Macao SAR, China"
"MAC",2017,"Macao SAR, China"
"MAC",2018,"Macao SAR, China"
"MAC",2019,"Macao SAR, China"
"MAC",2020,"Macao SAR, China"
"MAC",2021,"Macao SAR, China"
"MAC",2022,"Macao SAR, China"
"MAC",2023,"Macao SAR, China"
"MDV",2016,"Maldives"
"MDV",2017,"Maldives"
"MDV",2018,"Maldives"
"MDV",2021,"Maldives"
"MDV",2022,"Maldives"
"MDV",2023,"Maldives"
"MHL",2016,"Marshall Islands"
"MHL",2017,"Marshall Islands"
"MHL",2018,"Marshall Islands"
"MHL",2019,"Marshall Islands"
"MHL",2020,"Marshall Islands"
"MHL",2021,"Marshall Islands"
"MHL",2022,"Marshall Islands"
"MHL",2023,"Marshall Islands"
"FSM",2016,"Micronesia, Fed. Sts."
"FSM",2017,"Micronesia, Fed. Sts."
"FSM",2018,"Micronesia, Fed. Sts."
"FSM",2019,"Micronesia, Fed. Sts."
"FSM",2020,"Micronesia, Fed. Sts."
"FSM",2021,"Micronesia, Fed. Sts."
"FSM",2022,"Micronesia, Fed. Sts."
"FSM",2023,"Micronesia, Fed. Sts."
"MCO",2016,"Monaco"
"MCO",2017,"Monaco"
"MCO",2018,"Monaco"
"MCO",2019,"Monaco"
"MCO",2020,"Monaco"
"MCO",2021,"Monaco"
"MCO",2022,"Monaco"
"MCO",2023,"Monaco"
"NRU",2016,"Naoero"
"NRU",2017,"Naoero"
"NRU",2018,"Naoero"
"NRU",2019,"Naoero"
"NRU",2020,"Naoero"
"NRU",2021,"Naoero"
"NRU",2022,"Naoero"
"NRU",2023,"Naoero"
"NCL",2016,"New Caledonia"
"NCL",2017,"New Caledonia"
"NCL",2018,"New Caledonia"
"NCL",2019,"New Caledonia"
"NCL",2020,"New Caledonia"
"NCL",2021,"New Caledonia"
"NCL",2022,"New Caledonia"
"NCL",2023,"New Caledonia"
"MNP",2016,"Northern Mariana Islands"
"MNP",2017,"Northern Mariana Islands"
"MNP",2018,"Northern Mariana Islands"
"MNP",2019,"Northern Mariana Islands"
"MNP",2020,"Northern Mariana Islands"
"MNP",2021,"Northern Mariana Islands"
"MNP",2022,"Northern Mariana Islands"
"MNP",2023,"Northern Mariana Islands"
"OMN",2016,"Oman"
"OMN",2017,"Oman"
"OMN",2018,"Oman"
"OMN",2019,"Oman"
"OMN",2020,"Oman"
"OMN",2021,"Oman"
"OMN",2022,"Oman"
"OMN",2023,"Oman"
"PLW",2016,"Palau"
"PLW",2017,"Palau"
"PLW",2018,"Palau"
"PLW",2019,"Palau"
"PLW",2020,"Palau"
"PLW",2021,"Palau"
"PLW",2022,"Palau"
"PLW",2023,"Palau"
"PNG",2016,"Papua New Guinea"
"PNG",2017,"Papua New Guinea"
"PNG",2018,"Papua New Guinea"
"PNG",2019,"Papua New Guinea"
"PNG",2020,"Papua New Guinea"
"PNG",2021,"Papua New Guinea"
"PNG",2022,"Papua New Guinea"
"PNG",2023,"Papua New Guinea"
"PRI",2016,"Puerto Rico (US)"
"PRI",2017,"Puerto Rico (US)"
"PRI",2018,"Puerto Rico (US)"
"PRI",2019,"Puerto Rico (US)"
"PRI",2020,"Puerto Rico (US)"
"PRI",2021,"Puerto Rico (US)"
"PRI",2022,"Puerto Rico (US)"
"PRI",2023,"Puerto Rico (US)"
"QAT",2019,"Qatar"
"QAT",2020,"Qatar"
"QAT",2021,"Qatar"
"QAT",2022,"Qatar"
"QAT",2023,"Qatar"
"RWA",2022,"Rwanda"
"RWA",2023,"Rwanda"
"WSM",2016,"Samoa"
"WSM",2017,"Samoa"
"WSM",2018,"Samoa"
"WSM",2019,"Samoa"
"WSM",2020,"Samoa"
"WSM",2021,"Samoa"
"WSM",2022,"Samoa"
"WSM",2023,"Samoa"
"SMR",2016,"San Marino"
"SMR",2017,"San Marino"
"SMR",2018,"San Marino"
"SMR",2019,"San Marino"
"SMR",2020,"San Marino"
"SMR",2021,"San Marino"
"SMR",2022,"San Marino"
"SMR",2023,"San Marino"
"STP",2016,"Sao Tome and Principe"
"STP",2017,"Sao Tome and Principe"
"STP",2018,"Sao Tome and Principe"
"STP",2019,"Sao Tome and Principe"
"STP",2020,"Sao Tome and Principe"
"STP",2021,"Sao Tome and Principe"
"STP",2022,"Sao Tome and Principe"
"STP",2023,"Sao Tome and Principe"
"SYC",2016,"Seychelles"
"SYC",2017,"Seychelles"
"SYC",2018,"Seychelles"
"SYC",2019,"Seychelles"
"SYC",2020,"Seychelles"
"SYC",2021,"Seychelles"
"SYC",2022,"Seychelles"
"SYC",2023,"Seychelles"
"SXM",2016,"Sint Maarten (Dutch part)"
"SXM",2017,"Sint Maarten (Dutch part)"
"SXM",2018,"Sint Maarten (Dutch part)"
"SXM",2019,"Sint Maarten (Dutch part)"
"SXM",2020,"Sint Maarten (Dutch part)"
"SXM",2021,"Sint Maarten (Dutch part)"
"SXM",2022,"Sint Maarten (Dutch part)"
"SXM",2023,"Sint Maarten (Dutch part)"
"SLB",2016,"Solomon Islands"
"SLB",2017,"Solomon Islands"
"SLB",2018,"Solomon Islands"
"SLB",2019,"Solomon Islands"
"SLB",2020,"Solomon Islands"
"SLB",2021,"Solomon Islands"
"SLB",2022,"Solomon Islands"
"SLB",2023,"Solomon Islands"
"SOM",2019,"Somalia, Fed. Rep."
"SOM",2020,"Somalia, Fed. Rep."
"SOM",2021,"Somalia, Fed. Rep."
"SOM",2022,"Somalia, Fed. Rep."
"SOM",2023,"Somalia, Fed. Rep."
"SSD",2020,"South Sudan"
"SSD",2021,"South Sudan"
"SSD",2022,"South Sudan"
"SSD",2023,"South Sudan"
"KNA",2016,"St. Kitts and Nevis"
"KNA",2017,"St. Kitts and Nevis"
"KNA",2018,"St. Kitts and Nevis"
"KNA",2019,"St. Kitts and Nevis"
"KNA",2020,"St. Kitts and Nevis"
"KNA",2021,"St. Kitts and Nevis"
"KNA",2022,"St. Kitts and Nevis"
"KNA",2023,"St. Kitts and Nevis"
"LCA",2016,"St. Lucia"
"LCA",2017,"St. Lucia"
"LCA",2018,"St. Lucia"
"LCA",2019,"St. Lucia"
"LCA",2020,"St. Lucia"
"LCA",2021,"St. Lucia"
"LCA",2022,"St. Lucia"
"LCA",2023,"St. Lucia"
"MAF",2016,"St. Martin (French part)"
"MAF",2017,"St. Martin (French part)"
"MAF",2018,"St. Martin (French part)"
"MAF",2019,"St. Martin (French part)"
"MAF",2020,"St. Martin (French part)"
"MAF",2021,"St. Martin (French part)"
"MAF",2022,"St. Martin (French part)"
"MAF",2023,"St. Martin (French part)"
"VCT",2016,"St. Vincent and the Grenadines"
"VCT",2017,"St. Vincent and the Grenadines"
"VCT",2018,"St. Vincent and the Grenadines"
"VCT",2019,"St. Vincent and the Grenadines"
"VCT",2020,"St. Vincent and the Grenadines"
"VCT",2021,"St. Vincent and the Grenadines"
"VCT",2022,"St. Vincent and the Grenadines"
"VCT",2023,"St. Vincent and the Grenadines"
"SDN",2018,"Sudan"
"SDN",2019,"Sudan"
"SDN",2020,"Sudan"
"SDN",2021,"Sudan"
"SDN",2022,"Sudan"
"SDN",2023,"Sudan"
"SUR",2016,"Suriname"
"SUR",2017,"Suriname"
"SUR",2018,"Suriname"
"SUR",2019,"Suriname"
"SUR",2020,"Suriname"
"SUR",2021,"Suriname"
"SUR",2022,"Suriname"
"SUR",2023,"Suriname"
"SYR",2019,"Syrian Arab Republic"
"SYR",2020,"Syrian Arab Republic"
"SYR",2021,"Syrian Arab Republic"
"SYR",2022,"Syrian Arab Republic"
"SYR",2023,"Syrian Arab Republic"
"TLS",2016,"Timor-Leste"
"TLS",2017,"Timor-Leste"
"TLS",2018,"Timor-Leste"
"TLS",2019,"Timor-Leste"
"TLS",2020,"Timor-Leste"
"TLS",2021,"Timor-Leste"
"TLS",2022,"Timor-Leste"
"TLS",2023,"Timor-Leste"
"TON",2016,"Tonga"
"TON",2017,"Tonga"
"TON",2018,"Tonga"
"TON",2019,"Tonga"
"TON",2020,"Tonga"
"TON",2021,"Tonga"
"TON",2022,"Tonga"
"TON",2023,"Tonga"
"TTO",2020,"Trinidad and Tobago"
"TTO",2021,"Trinidad and Tobago"
"TTO",2022,"Trinidad and Tobago"
"TTO",2023,"Trinidad and Tobago"
"TKM",2022,"Turkmenistan"
"TKM",2023,"Turkmenistan"
"TCA",2016,"Turks and Caicos Islands"
"TCA",2017,"Turks and Caicos Islands"
"TCA",2018,"Turks and Caicos Islands"
"TCA",2019,"Turks and Caicos Islands"
"TCA",2020,"Turks and Caicos Islands"
"TCA",2021,"Turks and Caicos Islands"
"TCA",2022,"Turks and Caicos Islands"
"TCA",2023,"Turks and Caicos Islands"
"TUV",2016,"Tuvalu"
"TUV",2017,"Tuvalu"
"TUV",2018,"Tuvalu"
"TUV",2019,"Tuvalu"
"TUV",2020,"Tuvalu"
"TUV",2021,"Tuvalu"
"TUV",2022,"Tuvalu"
"TUV",2023,"Tuvalu"
"VUT",2016,"Vanuatu"
"VUT",2017,"Vanuatu"
"VUT",2018,"Vanuatu"
"VUT",2019,"Vanuatu"
"VUT",2020,"Vanuatu"
"VUT",2021,"Vanuatu"
"VUT",2022,"Vanuatu"
"VUT",2023,"Vanuatu"
"VIR",2016,"Virgin Islands (U.S.)"
"VIR",2017,"Virgin Islands (U.S.)"
"VIR",2018,"Virgin Islands (U.S.)"
"VIR",2019,"Virgin Islands (U.S.)"
"VIR",2020,"Virgin Islands (U.S.)"
"VIR",2021,"Virgin Islands (U.S.)"
"VIR",2022,"Virgin Islands (U.S.)"
"VIR",2023,"Virgin Islands (U.S.)"
"YEM",2022,"Yemen, Rep."
