iso3,country,year,supplied_life_exp,official_life_exp,exact_value_match,supplied_change,official_prior_year_value,official_change,change_match,source_updated,accessed,url
AFG,Afghanistan,2022,65.617,65.617,True,5.2,60.417,5.200000000000003,True,2026-07-13,2026-09-11,https://api.worldbank.org/v2/country/AFG;BOL;BWA;CAF;ECU;PER;PSE;SOM;SSD;SWZ/indicator/SP.DYN.LE00.IN?date=2016:2023&format=json&per_page=2000
BOL,Bolivia,2022,67.434,67.434,True,6.007,61.427,6.006999999999998,True,2026-07-13,2026-09-11,https://api.worldbank.org/v2/country/AFG;BOL;BWA;CAF;ECU;PER;PSE;SOM;SSD;SWZ/indicator/SP.DYN.LE00.IN?date=2016:2023&format=json&per_page=2000
BWA,Botswana,2022,68.749,68.749,True,5.446,63.303,5.445999999999998,True,2026-07-13,2026-09-11,https://api.worldbank.org/v2/country/AFG;BOL;BWA;CAF;ECU;PER;PSE;SOM;SSD;SWZ/indicator/SP.DYN.LE00.IN?date=2016:2023&format=json&per_page=2000
CAF,Central African Republic,2017,45.231,45.231,True,-5.768,50.999,-5.768000000000001,True,2026-07-13,2026-09-11,https://api.worldbank.org/v2/country/AFG;BOL;BWA;CAF;ECU;PER;PSE;SOM;SSD;SWZ/indicator/SP.DYN.LE00.IN?date=2016:2023&format=json&per_page=2000
CAF,Central African Republic,2018,52.297,52.297,True,7.066,45.231,7.065999999999995,True,2026-07-13,2026-09-11,https://api.worldbank.org/v2/country/AFG;BOL;BWA;CAF;ECU;PER;PSE;SOM;SSD;SWZ/indicator/SP.DYN.LE00.IN?date=2016:2023&format=json&per_page=2000
CAF,Central African Republic,2019,31.53,31.53,True,-20.767,52.297,-20.766999999999996,True,2026-07-13,2026-09-11,https://api.worldbank.org/v2/country/AFG;BOL;BWA;CAF;ECU;PER;PSE;SOM;SSD;SWZ/indicator/SP.DYN.LE00.IN?date=2016:2023&format=json&per_page=2000
ECU,Ecuador,2020,72.004,72.004,True,-5.282,77.286,-5.2819999999999965,True,2026-07-13,2026-09-11,https://api.worldbank.org/v2/country/AFG;BOL;BWA;CAF;ECU;PER;PSE;SOM;SSD;SWZ/indicator/SP.DYN.LE00.IN?date=2016:2023&format=json&per_page=2000
PER,Peru,2022,76.834,76.834,True,5.238,71.596,5.2379999999999995,True,2026-07-13,2026-09-11,https://api.worldbank.org/v2/country/AFG;BOL;BWA;CAF;ECU;PER;PSE;SOM;SSD;SWZ/indicator/SP.DYN.LE00.IN?date=2016:2023&format=json&per_page=2000
PSE,State of Palestine,2023,65.17,65.17,True,-11.492,76.662,-11.492000000000004,True,2026-07-13,2026-09-11,https://api.worldbank.org/v2/country/AFG;BOL;BWA;CAF;ECU;PER;PSE;SOM;SSD;SWZ/indicator/SP.DYN.LE00.IN?date=2016:2023&format=json&per_page=2000
SOM,Somalia,2018,54.767,54.767,True,2.57700000000001,52.19,2.5770000000000053,True,2026-07-13,2026-09-11,https://api.worldbank.org/v2/country/AFG;BOL;BWA;CAF;ECU;PER;PSE;SOM;SSD;SWZ/indicator/SP.DYN.LE00.IN?date=2016:2023&format=json&per_page=2000
SSD,South Sudan,2016,36.72,36.72,True,,,,,2026-07-13,2026-09-11,https://api.worldbank.org/v2/country/AFG;BOL;BWA;CAF;ECU;PER;PSE;SOM;SSD;SWZ/indicator/SP.DYN.LE00.IN?date=2016:2023&format=json&per_page=2000
SSD,South Sudan,2017,35.351,35.351,True,-1.369,36.72,-1.3689999999999998,True,2026-07-13,2026-09-11,https://api.worldbank.org/v2/country/AFG;BOL;BWA;CAF;ECU;PER;PSE;SOM;SSD;SWZ/indicator/SP.DYN.LE00.IN?date=2016:2023&format=json&per_page=2000
SSD,South Sudan,2018,51.905,51.905,True,16.554,35.351,16.554000000000002,True,2026-07-13,2026-09-11,https://api.worldbank.org/v2/country/AFG;BOL;BWA;CAF;ECU;PER;PSE;SOM;SSD;SWZ/indicator/SP.DYN.LE00.IN?date=2016:2023&format=json&per_page=2000
SSD,South Sudan,2019,58.129,58.129,True,6.224,51.905,6.223999999999997,True,2026-07-13,2026-09-11,https://api.worldbank.org/v2/country/AFG;BOL;BWA;CAF;ECU;PER;PSE;SOM;SSD;SWZ/indicator/SP.DYN.LE00.IN?date=2016:2023&format=json&per_page=2000
SWZ,Eswatini,2023,64.123,64.123,True,5.895,63.028,1.095000000000006,False,2026-07-13,2026-09-11,https://api.worldbank.org/v2/country/AFG;BOL;BWA;CAF;ECU;PER;PSE;SOM;SSD;SWZ/indicator/SP.DYN.LE00.IN?date=2016:2023&format=json&per_page=2000
