"original","short"
"Year","year"
"Rank","rank"
"Country name","country"
"Continent","continent"
"Life evaluation (3-year average)","life_sat"
"Lower whisker","ci_lower"
"Upper whisker","ci_upper"
"Explained by: Log GDP per capita","ex_gdp"
"Explained by: Social support","ex_social"
"Explained by: Healthy life expectancy","ex_health_le"
"Explained by: Freedom to make life choices","ex_freedom"
"Explained by: Generosity","ex_generosity"
"Explained by: Perceptions of corruption","ex_corruption"
"Dystopia + residual","ex_dystopia"
"ISO3","iso3"
"Country Name","country_wb"
"GDP per capita (current US$)","gdp_pc"
"Life expectancy at birth, total (years)","life_exp"
"Current health expenditure per capita, PPP (current international $)","health_exp"
"Government expenditure on education, total (% of GDP)","educ_exp"
"Urban population (% of total population)","urban_pct"
"longitude","longitude"
"latitude","latitude"
